Product Mass	QualifierMass	Compound	Retention Time	report.results_GT_001_SBAQ_1(raw)	report.results_GT_001_SBAQ_10(raw)	report.results_GT_001_SBAQ_11(raw)	report.results_GT_001_SBAQ_12(raw)	report.results_GT_001_SBAQ_13(raw)	report.results_GT_001_SBAQ_14(raw)	report.results_GT_001_SBAQ_15(raw)	report.results_GT_001_SBAQ_16(raw)	report.results_GT_001_SBAQ_17(raw)	report.results_GT_001_SBAQ_18(raw)	report.results_GT_001_SBAQ_19(raw)	report.results_GT_001_SBAQ_2(raw)	report.results_GT_001_SBAQ_20(raw)	report.results_GT_001_SBAQ_21(raw)	report.results_GT_001_SBAQ_22(raw)	report.results_GT_001_SBAQ_23(raw)	report.results_GT_001_SBAQ_24(raw)	report.results_GT_001_SBAQ_25(raw)	report.results_GT_001_SBAQ_26(raw)	report.results_GT_001_SBAQ_27(raw)	report.results_GT_001_SBAQ_28(raw)	report.results_GT_001_SBAQ_29(raw)	report.results_GT_001_SBAQ_3(raw)	report.results_GT_001_SBAQ_4(raw)	report.results_GT_001_SBAQ_5(raw)	report.results_GT_001_SBAQ_6(raw)	report.results_GT_001_SBAQ_7(raw)	report.results_GT_001_SBAQ_8(raw)	report.results_GT_001_SBAQ_9(raw)	report.results_GT_001_SBAQ_1: Log2(normalized)	report.results_GT_001_SBAQ_10: Log2(normalized)	report.results_GT_001_SBAQ_11: Log2(normalized)	report.results_GT_001_SBAQ_12: Log2(normalized)	report.results_GT_001_SBAQ_13: Log2(normalized)	report.results_GT_001_SBAQ_14: Log2(normalized)	report.results_GT_001_SBAQ_15: Log2(normalized)	report.results_GT_001_SBAQ_16: Log2(normalized)	report.results_GT_001_SBAQ_17: Log2(normalized)	report.results_GT_001_SBAQ_18: Log2(normalized)	report.results_GT_001_SBAQ_19: Log2(normalized)	report.results_GT_001_SBAQ_2: Log2(normalized)	report.results_GT_001_SBAQ_20: Log2(normalized)	report.results_GT_001_SBAQ_21: Log2(normalized)	report.results_GT_001_SBAQ_22: Log2(normalized)	report.results_GT_001_SBAQ_23: Log2(normalized)	report.results_GT_001_SBAQ_24: Log2(normalized)	report.results_GT_001_SBAQ_25: Log2(normalized)	report.results_GT_001_SBAQ_26: Log2(normalized)	report.results_GT_001_SBAQ_27: Log2(normalized)	report.results_GT_001_SBAQ_28: Log2(normalized)	report.results_GT_001_SBAQ_29: Log2(normalized)	report.results_GT_001_SBAQ_3: Log2(normalized)	report.results_GT_001_SBAQ_4: Log2(normalized)	report.results_GT_001_SBAQ_5: Log2(normalized)	report.results_GT_001_SBAQ_6: Log2(normalized)	report.results_GT_001_SBAQ_7: Log2(normalized)	report.results_GT_001_SBAQ_8: Log2(normalized)	report.results_GT_001_SBAQ_9: Log2(normalized)	Compound Name	Measured Retention Time	CASNumber	CompoundType	ISTDCompoundName	Mass Column
102.0546	NA	1-AMINOCYCLOPROPANE-1-CARBOXYLATE**_1.039	1.039	40046.598	53031.887	30424.518	72447.9	22527.541	44527.96	35230.805	16910.361	69090.19	17632.873	18899.156	29796.633	17058.877	39091.594	36502.016	36856.83	64904.105	56027.855	78712.78	32875.47	16918.297	36354	53437.285	19494.268	28360.28	45411.41	14497.945	21310.469	22764.656	15.289392	15.694572	14.892946	16.144657	14.459403	15.442424	15.104549	14.045619	16.076195	14.10598	14.206034	14.862862	14.058235	15.254571	15.155689	15.169644	15.986023	15.773856	16.264309	15.004724	14.046296	15.149826	15.705559	14.250762	14.791584	15.470767	13.823561	14.379274	14.474508	1-AMINOCYCLOPROPANE-1-CARBOXYLATE**_1.039	1.0140333	22059-21-8	Target	NA	0
131.0494	132.053	1-Fluorocyclohexadiene-cis,cis-1,2-diol_2.279	2.279	226173.31	365835.56	130394.37	370484.47	730713.75	933305.2	654021.8	644938.06	687313	706412.6	544063.44	1957756.6	540057.1	154709.89	686636.2	370099.2	1099661	688744.44	321225.38	300455.2	188007.61	868711.1	663670.8	695999.94	1e-5	680888.94	326717.2	644795.4	659703.94	17.78707	18.480837	16.992521	18.499054	19.478947	19.83199	19.31898	19.298801	19.390608	19.430151	19.053415	20.90077	19.042753	17.239206	19.389187	18.497553	20.068628	19.39361	18.293226	18.19679	17.520432	19.728516	19.340109000000002	19.408728	-16.60964	19.37706	18.317682	19.298481	19.331459	1-Fluorocyclohexadiene-cis,cis-1,2-diol_2.279	2.2723668		Target	NA	0
227.128	228.1286	2-(1-Ethoxy-2-hydroxy)propyl-4-methoxyphenol_7.363	7.363	21983.977	19103.723	16473.295	17625.605	21223.133	6254.7183000000005	19329.803	26583.86	20741.688	21483.168	24021.53	17736.336	24400.02	20355.041	5422.666	19420.213	20707.36	1e-5	30651.86	23196.086	20126.48	22392.332	1e-5	20022.938	31527.578	23709.193	32667.836	7491.263	24578.967	14.424164	14.221566	14.007841	14.105386	14.373349	12.610729	14.23854	14.698263	14.340245	14.39092	14.552041	14.114421	14.5745945	14.313098	12.404787	14.245272	14.337856	-16.60964	14.903687	14.501594	14.296807	14.450717	-16.60964	14.289366	14.944326	14.533158	14.995583	12.870993	14.585137	2-(1-Ethoxy-2-hydroxy)propyl-4-methoxyphenol_7.363	NA		Target	NA	0
157.0134	NA	2,5-Furandicarboxylic acid_1.474	1.474	84726.74	106907.586	151247.69	164855.05	1e-5	7217.087	117152.58	1e-5	147796.16	1e-5	1e-5	1e-5	1e-5	117060.3	7919.3574	104532.625	15828.257	112145.055	83800.11	21855.943	6015.8267	1e-5	129083.82	1e-5	604.2609	68747.16	1e-5	1e-5	118133.2	16.37053	16.706005	17.206553	17.33084	-16.60964	12.817201	16.838028	-16.60964	17.173248	-16.60964	-16.60964	-16.60964	-16.60964	16.836893	12.951167	16.673594	13.950214	16.775005	16.354664	14.415738	12.554547	-16.60964	16.97795	-16.60964	9.239028	16.069012	-16.60964	-16.60964	16.850056	2,5-Furandicarboxylic acid_1.474	1.5273	3238-40-2	Target	NA	0
777.3111	778.3153	2,7-Dideacetyl-2,7-dibenzoyl-taxayunnanine F_9.347	9.347	1911.6484	1e-5	61599.125	1e-5	1e-5	53404.926	1e-5	5927.928	63890.2	1e-5	1e-5	994.99	1e-5	10574.04	120121.13	805.40515	45482.13	2064.7832	4532.3022	1e-5	45784.137	1e-5	70319.414	1e-5	1e-5	69879.43	77948.82	51629.46	1771.0981	10.900601	-16.60964	15.910623	-16.60964	-16.60964	15.704685	-16.60964	12.533313	15.963307	-16.60964	-16.60964	9.958538	-16.60964	13.368239	16.87413	9.65357	15.473012	11.011775	12.1460285	-16.60964	15.48256	-16.60964	16.101635	-16.60964	-16.60964	16.09258	16.250238	15.655907	10.790428	2,7-Dideacetyl-2,7-dibenzoyl-taxayunnanine F_9.347	NA		Target	NA	0
145.0485	289.0894	3-Methylglutaconic acid_2.213	2.213	22331.076	50230.883	38810.285	15570.925	26655.775	23933.508	4587.409	15523.837	45880.363	3285.319	3939.981	34369.402	26633.86	51878.836	25263.072	23283.412	27638.049	1e-5	1e-5	34619.316	7708.1724	17705.324	1e-5	30570.346	9962.93	42354.145	14936.109	14851.051	15023.464	14.446766	15.616287	15.244151	13.926567	14.702161	14.546743	12.163464	13.922197	15.485589	11.681818	11.943974	15.068838	14.7009735	15.662859	14.6247425	14.507014	14.754368	-16.60964	-16.60964	15.07929	12.912172	14.1118965	-16.60964	14.899845	13.282355	15.370216	13.866517	13.858278	13.87493	3-Methylglutaconic acid_2.213	NA	5746-90-7	Target	NA	0
146.0926	NA	4-GUANIDINOBUTANOATE**_1.4	1.4	38775.168	25104.19	4443.2563	37243.28	21207.67	6055.915	1e-5	11653.282	41909.293	17116.41	23733.041	32688.812	21306.01	43828.6	10582.028	32107.434	40196.17	26251.598	5931.4893	3068.3403	17570.088	24704.037	19269	1e-5	20853.65	17740.385	25827.977	18435.656	26383.914	15.242846	14.61564	12.117402	15.184692	14.372298	12.564129	-16.60964	13.508449	15.354982	14.063093	14.534609	14.996509	14.378973	15.419584	13.3693285	14.970619	15.29477	14.680117	12.534178	11.583243	14.100834	14.59246	14.2339945	-16.60964	14.348012	14.11475	14.656648	14.170211	14.68737	4-GUANIDINOBUTANOATE**_1.4	1.4114	13890-14-7	Target	NA	0
348.0706	349.0737	5'-Adenosine monophosphate_1.642	1.642	3282301.8	6591378	8235889.5	9681461	4716256	4684095.5	6629386.5	3214442.8	3178791.2	3074871.8	2512914.2	2755927.8	4512157	4392795.5	5781426	2342998.8	10600000	4117757.8	9657040	4299993	3936684.5	2624745	8867258	4095227.8	5560708.5	4790021	1413030	8110278.5	2418883	21.646276	22.65215	22.973494	23.206795	22.16921	22.159338	22.660444	21.616137	21.600046	21.552095	21.26093	21.394106	22.105385	22.066708	22.462994	21.159925	23.331335	21.973429	23.20315	22.035904	21.908548	21.323746	23.080057	21.965513	22.406837	22.1916	20.43036	22.95132	21.20591	5'-Adenosine monophosphate_1.642	1.6514833		Target	NA	0
173.139	174.1449	Acetylagmatine_2.216	2.216	19666.39	1e-5	1466.4312	12532.127	1e-5	25618.824	1e-5	1e-5	1e-5	1e-5	1e-5	1e-5	1e-5	20678.803	1e-5	1e-5	1e-5	1e-5	20110.12	2333.558	907.0552	1e-5	1e-5	33897.715	1e-5	1e-5	1e-5	1e-5	1e-5	14.263444	-16.60964	10.518094	13.613343	-16.60964	14.6449175	-16.60964	-16.60964	-16.60964	-16.60964	-16.60964	-16.60964	-16.60964	14.335866	-16.60964	-16.60964	-16.60964	-16.60964	14.295634	11.188315	9.825047	-16.60964	-16.60964	15.048901	-16.60964	-16.60964	-16.60964	-16.60964	-16.60964	Acetylagmatine_2.216	NA	3031-89-8	Target	NA	0
136.0619	NA	Adenine_2.163	2.163	12398.171	38902.44	352891.06	396875.38	176904.56	32816.766	352584.6	18329.88	270317.72	303790.66	201057	234123.22	311910.34	89920.234	226060.61	21062.463	382065.72	316095.94	282251.06	174521.75	12517.691	184779.08	390907.56	209337.34	215023.53	189720.52	197839.61	13358.863	271439.38	13.59784	15.247573	18.428864	18.598326	17.432611	15.002146	18.427608	14.16191	18.044296	18.212717	17.617245	17.836908	18.25077	16.456358	17.78635	14.362387	18.54346	18.270002	18.106619	17.413046	13.611681	17.495441	18.576468	17.67547	17.714134	17.533516	17.593973	13.705509	18.05027	Adenine_2.163	2.1316333	73-24-5	Target	NA	0
136.0614	NA	Adenine_6.72	6.72	15482.4375	28161.355	31692.848	16606.242	8573.149	11654.197	1e-5	13656.082	11927.336	11946.018	10217.405	1e-5	1e-5	1e-5	1e-5	1e-5	21098.629	1e-5	1e-5	12985.442	1e-5	1e-5	1e-5	56617.652	1e-5	10112.519	6939.0557	16622.451	7728.662	13.918345	14.781428	14.95187	14.019438	13.06561	13.508562	-16.60964	13.737256	13.541984	13.544242	13.318741	-16.60964	-16.60964	-16.60964	-16.60964	-16.60964	14.3648615	-16.60964	-16.60964	13.664608	-16.60964	-16.60964	-16.60964	15.788965	-16.60964	13.303854	12.760524	14.020845	12.916003	Adenine_6.72	6.7096334	73-24-5	Target	NA	0
147.0289	NA	Allyl disulfide_1.474	1.474	155538.53	188845.03	279037.7	200150.05	1e-5	1e-5	212009.48	1e-5	276369.3	1e-5	1e-5	1e-5	1e-5	175716.27	1e-5	166804.06	102631.4	224302.69	137438.66	119417.48	811.3377	1e-5	207684.89	1e-5	1e-5	110677.875	1e-5	1e-5	224517.2	17.246912	17.526842	18.090101	17.610722	-16.60964	-16.60964	17.69377	-16.60964	18.076239	-16.60964	-16.60964	-16.60964	-16.60964	17.422888	-16.60964	17.347795	16.647114	17.775087	17.068428	16.865654	9.664159	-16.60964	17.664036	-16.60964	-16.60964	16.756006	-16.60964	-16.60964	17.776466	Allyl disulfide_1.474	1.5521333	2179-57-9	Target	NA	0
162.0759	NA	alpha-Aminoadipic acid_1.728	1.728	14344.755	28508.604	41391.914	52177.33	61069.07	35128.164	60533.145	40459.918	18553.17	58208.066	57322.54	60134.227	50653.42	28625.36	12060.429	28181.299	8031.0957	68721.24	98798.99	33082.89	76812.19	81350.266	36609.008	34331.297	1e-5	24366.643	39635.023	39755.3	37809.04	13.808235	14.799109	15.337062	15.671135	15.898154	15.100341	15.885438	15.304206	14.179378	15.828931	15.806815	15.875898	15.628371	14.805007	13.557994	14.782451	12.971381	16.068468	16.592209	15.013798	16.229048	16.31186	15.159911	15.067236	-16.60964	14.572619	15.2744875	15.27886	15.206443	alpha-Aminoadipic acid_1.728	1.6928667	542-32-5	Target	NA	0
134.0446	NA	Aspartic Acid**_1.029	1.029	14552.871	19472.3	16402.508	22793.664	9803.216	19978.35	14480.648	10706.831	21100.396	12703.62	11918.072	12158.311	8231.721	35299.668	17826.486	18640.781	15329.169	23837.82	26378.914	13171.363	7347.224	12727.245	20307.709	14109.373	11397.066	17113.412	5582.3804	7592.8286	14156.963	13.829017	14.249135	14.001629	14.476345	13.25904	14.28615	13.821838	13.386244	14.364983	13.632952	13.540863	13.569655	13.006978	15.1073675	14.121735	14.186174	13.903993	14.540965	14.687097	13.685118	12.842983	13.6356325	14.309739	13.784367	13.476375	14.0628395	12.446665	12.890422	13.789224	Aspartic Acid**_1.029	NA	25608-40-6	Target	NA	0
182.0789	341.1687	Betonicine_4.389	4.389	1e-5	80444.16	1e-5	1e-5	11764.717	1e-5	4033.0247	1e-5	1e-5	1e-5	1e-5	1e-5	10427.049	22230.914	22725.502	1e-5	1e-5	5288.4175	31498.695	12049.498	12558.226	1e-5	1e-5	8802.754	1e-5	12747.921	8248.527	6195.6436	1e-5	-16.60964	16.2957	-16.60964	-16.60964	13.522179	-16.60964	11.977647	-16.60964	-16.60964	-16.60964	-16.60964	-16.60964	13.3480425	14.44028	14.472025	-16.60964	-16.60964	12.368621	14.943005	13.556685	13.616345	-16.60964	-16.60964	13.103739	-16.60964	13.637974	13.009921	12.597038	-16.60964	Betonicine_4.389	NA	515-25-3	Target	NA	0
427.158	428.1605	Bruceine H_7.226	7.226	40317.867	64311.97	72229.94	60923.17	51483.484	52718.09	64968.28	41724.56	65348.047	43762.996	38540.496	29657.07	49328.8	53913.594	88928.445	52799.37	62676.367	52518.723	70327.43	96087.14	77174.7	44957.54	73761.836	79540.03	33421.863	53774.25	58291.438	59216.195	32124.51	15.299132	15.972799	16.140308	15.894704	15.651822	15.68601	15.987448	15.34861	15.995856	15.417423	15.234087	14.856089	15.590142	15.718361	16.440357	15.688232	15.935635	15.680544	16.1018	16.552055	16.23584	15.456275	16.170588	16.279394	15.028504	15.714628	15.8309965	15.853704	14.971387	Bruceine H_7.226	7.2311835	105532-18-1	Target	NA	0
371.1675	372.1705	C1015 - 8.912	8.912	1e-5	37292.79	56781.023	1e-5	8989.047	1e-5	1193.122	2790.9214	2168.4785	4461.996	1e-5	2231.193	532.88403	1e-5	1e-5	2086.935	4312.349	1334.7102	1e-5	1e-5	749.95825	1e-5	10154.062	20931.043	5271.1562	21402.158	1e-5	9205.476	2093.022	-16.60964	15.186608	15.793121	-16.60964	13.133952	-16.60964	10.220526	11.446526	11.082468	12.123474	-16.60964	11.1236	9.057677	-16.60964	-16.60964	11.02717	12.074258	10.382311	-16.60964	-16.60964	9.550667	-16.60964	13.309769	14.353357	12.363904	14.3854685	-16.60964	13.168277	11.031372	C1015 - 8.912	NA		Target	NA	0
110.0086	111.0099	C11 - 0.839	0.839	12200000	12300000	14300000	11700000	13300000	14500000	12200000	11700000	11700000	12500000	11400000	12600000	12200000	12200000	14200000	12600000	13300000	11300000	12100000	11800000	13800000	13200000	13300000	12300000	13500000	12400000	11400000	14000000	12300000	23.536943	23.557623	23.76459	23.476055	23.664259	23.78548	23.536592	23.485863	23.484844	23.571127	23.443626	23.583326	23.541956	23.5424	23.760555	23.585024	23.664654	23.432064	23.531271	23.493746	23.721722	23.652853	23.667494	23.547176	23.690401	23.566198	23.443233	23.738947	23.553646	C11 - 0.839	0.8401833		Target	NA	0
144.0658	166.0474	C1115 - 2.507	2.507	22581.46	14603.587	13026.267	15377.914	7895.5864	17802.748	11097.879	6371.5645	1e-5	6286.7026	21023.736	13894.339	9824.656	15068.049	1e-5	11121.825	23631.254	24890.42	1e-5	6613.6167	8598.228	30713.213	10572.227	16044.482	5084.5557	19664.107	7588.599	18391.63	10043.039	14.462851	13.834035	13.669136	13.908572	12.946831	14.119813	13.437997	12.637432	-16.60964	12.618088	14.359732	13.76221	13.262192	13.879205	-16.60964	13.441106	14.528409	14.603303	-16.60964	12.691223	13.069823	14.906571	13.367991	13.96979	12.311907	14.263276	12.889618	14.166761	13.293908	C1115 - 2.507	2.5124333		Target	NA	0
281.1073	282.1094	C1137 - 6.176	6.176	22973.291	39021.117	28843.629	25744.758	25579.504	17396.01	38981.473	20960.443	34327.855	13734.065	24167.916	33067.996	31575.621	16056.672	41588.145	39323.895	33638.22	30470.479	24119.33	35233.1	25913.191	41618.973	1e-5	15821.713	24912.404	40856.016	35740.062	21121.877	33910.27	14.48767	15.251967	14.815966	14.65199	14.6427	14.086469	15.250501	14.355382	15.067092	13.745471	14.560805	15.013148	14.946524	13.970885000000001	15.343884	15.263119	15.037813	14.895124	14.557902	15.104643	14.661399	15.344954	-16.60964	13.949618	14.604577	15.318261	15.125255	14.366451	15.049434	C1137 - 6.176	6.16325		Target	NA	0
204.0631	407.1157	C1257 - 1.829	1.829	140833.17	142950.61	152429.89	160510.25	167525.84	171897.6	105032.68	96280.44	96615.44	126989.31	470968.56	124177.77	118732.24	121465.664	129117.74	132754.28	173404.12	159008.47	127050.87	102700.23	108185.5	118015.95	83261.28	118377.67	198876.4	1e-5	67665.86	81821.54	102624.76	17.103628	17.125156	17.217785	17.292307	17.354023	17.39119	16.68048	16.554955	16.559965	16.954348	18.845272	16.922047	16.857353	16.890188	16.978329	17.018398	17.403778	17.278744	16.955048	16.64808	16.723146	16.848623	16.345358	16.853039	17.601513	-16.60964	16.04614	16.320192	16.647018	C1257 - 1.829	1.8336		Target	NA	0
213.0985	235.0803	C1287 - 5.388	5.388	9755.187	16315.175	23753.047	6997.6978	26736.766	6378.2905	30930.533	28495.172	36356.273	29722.488	21834.55	5821.0415	25949.783	6165.075	31803.346	24709.168	39015.902	29500.547	6012.776	26600.88	33098.582	33243.438	32868.227	1e-5	26247.412	24370.494	14213.434	23116.992	22988.406	13.251954	13.993927	14.535825	12.772664	14.706538	12.638954	14.916744	14.79843	15.149918	14.859266	14.414326	12.507061	14.663435	12.589903	14.956891	14.592758	15.251775	14.8484535	12.553816	14.699186	15.014482	15.0207815	15.004406	-16.60964	14.679888	14.572848	13.794968	14.496667	14.488619	C1287 - 5.388	NA		Target	NA	0
381.0794	382.0832	C13 - 1.093	1.093	88575.1	116277.28	67781.93	62352.82	43721.836	199120.67	86835.17	114403.43	33273.504	98734.93	65441.574	61339.734	86654.54	117195.67	74756.086	58605.207	94045.16	80778.49	73537.484	40553.58	36819.715	99883.445	68982.07	88922.89	36616.457	174900.23	79895.984	63203.613	122958.97	16.434614	16.82721	16.048613	15.928167	15.416066	17.603283	16.405993	16.803772	15.022086	16.591272	15.99792	15.904534	16.402987	16.83856	16.189903	15.83874	16.521067	16.301683	16.166191	15.307542	15.168192	16.607958	16.073933	16.440268	15.160205	17.416172	16.285835	15.94772	16.907818	C13 - 1.093	1.0968167		Target	NA	0
262.1642	263.1665	C1353 - 2.21	2.21	460322.78	1491429.1	2347666.5	1617940.6	1807168.5	1961880.8	2024977.1	934201.8	1716261	1443788.2	1237620.4	1465771.8	1659737.5	229025.31	1360589.1	1491819.2	2012361.8	1609905.2	1709267.6	1103645.9	2203522	2084512.8	1686158.8	1359797.2	1930750.5	1257104.4	1152128.4	1431925.4	1851744.5	18.812286	20.508265	21.162796	20.625727	20.7853	20.903807	20.949474	19.833374	20.710836	20.461428	20.239138	20.483229	20.662523	17.805147	20.3758	20.50864	20.940458	20.618544	20.704947	20.073845	21.07138	20.99128	20.685308	20.37496	20.88073	20.261673	20.13587	20.449526	20.820454	C1353 - 2.21	2.1978667		Target	NA	0
262.0368	284.0181	C1370 - 2.037	2.037	6023.9385	1e-5	19103.596	14091.169	1e-5	15717.569	12270.687	1e-5	19033.455	1e-5	9689.274	16737.648	1e-5	10195.893	28934.45	11790.474	17689.928	24979.582	14392.987	19700.455	3133.5798	17651.031	11362.083	9445.202	10524.257	20657.223	9264.291	8648.839	14179.059	12.556492	-16.60964	14.221557	13.782504	-16.60964	13.940091	13.582929	-16.60964	14.216249	-16.60964	13.242173	14.030809	-16.60964	13.315701	14.8205	13.525333	14.11064	14.608462	13.813078	14.265942	11.613596	14.107465	13.47194	13.205366	13.361431	14.334359	13.1774645	13.078291	13.791474	C1370 - 2.037	2.0736833		Target	NA	0
276.1194	259.0949	C1375 - 1.178	1.178	123365.164	121169.72	102677.805	58200.945	29163.535	86054.21	43712.586	16734.812	110771.914	44793.277	31489.979	15233.043	32081.611	192476.9	41312.688	26866.43	119700.484	23493.717	8013.437	18781.764	11139.9375	85871.82	90969.81	19449.824	16882.021	114786.99	17819.105	11099.575	11471.112	16.912575	16.88667	16.647764	15.828754	14.831878	16.392958	15.415761	14.030564	16.757233	15.4509945	14.942605	13.894916	14.96946	17.554325	15.334298	14.713517	16.86907	14.519987	12.968205	14.197045	13.443453	16.389896	16.4731	14.247469	14.0432005	16.8086	14.121138	13.438216	13.485718	C1375 - 1.178	1.1547667		Target	NA	0
270.9464	271.9476	C1394 - 0.847	0.847	7951.4785	11052.399	14327.669	4566.0938	22978.562	17195.24	10021.416	11459.268	3709.9487	16456.613	10232.651	10354.581	12484.902	6956.0767	17590.58	14079.797	4198.302	4260.161	2521.2034	10127.763	20896.045	14436.027	14005.871	12952.305	18609.033	12337.798	7999.181	23361.506	9573.667	12.957007	13.432072	13.806517	12.156745	14.488002	14.069722	13.290798	13.484227	11.8571825	14.00638	13.320892	13.337981	13.607898	12.764058	14.102515	13.781339	12.035591	12.056692	11.299896	13.306028	14.350943	13.817386	13.773744	13.660922	14.183716	13.590796	12.965637	14.511846	13.224856	C1394 - 0.847	NA		Target	NA	0
151.9856	152.486	C1412 - 0.789	0.789	98749.94	126264.13	129021.805	64861.797	220450.7	181773.6	102601.15	156497.56	57535.004	179730.72	113013.55	125413.39	165125.2	107241.57	126317.45	107701.03	71878.29	71791.61	91800.445	107134.56	277014.9	124822.13	103554.67	205492.73	181710.67	103182.63	162480.72	230684.78	108593.64	16.591492	16.946085	16.977255	15.985082	17.750097	17.471783	16.646688	17.25578	15.812152	17.455477	16.786137	16.93633	17.3332	16.710505	16.946693	16.716673	16.133268	16.131529	16.486214	16.709064	18.079605	16.929514	16.660034	17.648727	17.471285	16.65484	17.30991	17.815563	16.72858	C1412 - 0.789	0.78223336		Target	NA	0
271.1173	288.1442	C1666 - 7.795	7.795	39552.836	59652.934	125017.23	84870.86	51280.938	33279.438	69106.84	48626.215	93828.836	39679.695	36357.375	38970.32	48695.047	78806.16	66885.26	55750.023	80216.84	37866.867	8736.366	49841.59	74585.58	16044.203	97179.21	76672.82	60568.254	80693.37	61111.453	23570.07	37174.88	15.271494	15.8643055	16.931768	16.372982	15.646135	15.022344	16.07654	15.569447	16.517744	15.276113	15.14996	15.250089	15.571488	16.26602	16.0294	15.766685	16.291618	15.208649	13.092817	15.605062	16.18661	13.969764	16.56836	16.226429	15.886274	16.300161	15.899155	14.524668	15.182041	C1666 - 7.795	7.8437834		Target	NA	0
84.044	NA	C184 - 1.038	1.038	137201.19	151922.17	133491.77	335253.3	41986.395	109973.664	122357.09	54301.633	317094.3	46200.19	85934.97	58451.203	54479.617	205687.44	109630.13	204830.28	336665	239942.36	256976.67	123273.34	37557.56	107424.25	172933.81	53176.625	42203.6	158363.56	75600.39	58111.637	134489.95	17.065933	17.212973	17.026392	18.354893	15.357634	16.746798	16.900738	15.728707	18.274553	15.49561	16.390959	15.834945	15.733428	17.650093	16.742285	17.64407	18.360954	17.872328	17.971277	16.9115	15.196816	16.712961	17.39986	15.698504	15.365079	17.27288	16.206106	15.82654	17.03714	C184 - 1.038	1.0140333		Target	NA	0
262.129	300.086	C1862 - 1.188	1.188	161201.16	98215.95	72689.34	218561.06	18252.137	48558.027	77820.12	57227.69	217243.3	31040.203	67482.38	128662.34	19112.04	97427.99	70446.74	79353.62	110595.23	77990.14	199899.64	158254.73	16953.4	83984.01	81268.516	48421.08	19870.695	228656.11	26883.512	41984.348	103002.52	17.298502	16.58367	16.149456	17.737677	14.155778	15.567422	16.247856	15.804425	17.728952	14.92185	16.042223	16.97323	14.222195	16.572048	16.104244	16.276009	16.754929	16.251003	17.608917	17.271889	14.049288	16.357826	16.31041	15.563347	14.278355	17.80282	14.714434	15.357564	16.65232	C1862 - 1.188	1.2127167		Target	NA	0
474.1731	491.2014	C1936 - 6.783	6.783	37094.543	31965.137	55466.812	41293.69	32384.832	26974.701	40270.438	50980.668	76919.6	38268.332	52219.895	51986.45	41339.695	29201.28	87712.75	64416.387	74569.46	50124.008	45511.582	85102.15	45090.996	76560.016	81574.766	46397.242	45963.668	55162.87	45819.758	28997.346	48487.6	15.178919	14.964211	15.759337	15.333633	14.983031	14.719319	15.297433	15.637663	16.231064	15.223863	15.672313	15.665848	15.33524	14.833744	16.4205	15.97514	16.186296	15.613214	15.473947	16.376907	15.460552	16.224304	16.315836	15.501751	15.488206	15.75141	15.483682	14.823633	15.565329	C1936 - 6.783	6.7924166		Target	NA	0
197.0058	175.0235	C1998 - 2.174	2.174	9507.804	118161.32	116932.266	148984.62	68078.89	99334.56	65826.99	7255.9287	84457.11	41175.348	49156.29	58663.613	67772.48	84596.23	153017.19	28192.305	89734.57	76773.55	92382.734	114130.4	70966.555	93550.09	104564.42	77728.62	44908.285	82157.66	52382.875	17196.219	80906.77	13.214896	16.850397	16.835314	17.184803	16.05492	16.600008	16.006392	12.8249445	16.36593	15.3294935	15.585089	15.8401785	16.048412	16.368305	17.223335	14.783013	16.453377	16.228321	16.495337	16.800323	16.114851	16.51345	16.674032	16.246159	15.454694	16.326109	15.676807	14.069804	16.303972	C1998 - 2.174	2.16475		Target	NA	0
153.0334	NA	C206 - 0.838	0.838	1212512.8	1249960.6	1405917.6	1164034.2	1317054.6	1423773.1	1222134.8	1184267.1	1154611.2	1232987.4	1122628.2	1234179.6	1234234.2	1204969.4	1401198.1	1249535.2	1298818.5	1112311.5	1221908	1169659	1387886.4	1300844	1302157.4	1256595.9	1324120.6	1235228.9	1122195.4	1398951.6	1212196.5	20.209568	20.253452	20.42308	20.150702	20.328882	20.441288	20.220972	20.175562	20.138975	20.233727	20.098448	20.23512	20.235184	20.200565	20.41823	20.25296	20.308767	20.08513	20.220705	20.157658	20.404457	20.311016	20.312471	20.26109	20.336603	20.236347	20.097893	20.415915	20.209192	C206 - 0.838	0.8319		Target	NA	0
287.1481	288.1516	C2106 - 7.428	7.428	25583.635	14264.62	7777.6733	39967.914	9368.861	40602.42	23599.227	34400.656	34604.2	46018.074	41802.85	1e-5	32356.717	32785.52	26514.293	26396.635	42721.883	17923.385	171229.39	34707.02	36189.9	43394.18	20739.357	11076.002	24011.666	7759.326	15903.377	10749.947	17489.377	14.642933	13.800154	12.925123	15.286554	13.193657	15.309278	14.526451	15.070149	15.07866	15.489913	15.351313	-16.60964	14.981777	15.0007715	14.694483	14.6880665	15.3826885	14.129555	17.38557	15.08294	15.143299	15.405213	14.340084	13.43515	14.551448	12.921716	13.957046	13.392041	14.094192	C2106 - 7.428	7.421583		Target	NA	0
325.1256	326.1274	C2175 - 6.783	6.783	4357.71	1e-5	711.31165	1e-5	1e-5	7791.2915	7024.7173	1e-5	6852.971	1e-5	26039.719	16115.599	1e-5	1e-5	46948.336	3196.2004	1e-5	1e-5	6659.5186	1e-5	37735.016	6105.6533	787.0648	13811.905	2627.8003	13692.096	41914.91	10516.274	6797.34	12.089354	-16.60964	9.474338	-16.60964	-16.60964	12.927647	12.778224	-16.60964	12.742514	-16.60964	14.6684265	13.976171	-16.60964	-16.60964	15.518787	11.642142	-16.60964	-16.60964	12.701202	-16.60964	15.203616	12.57593	9.620338	13.753625	11.35964	13.741056	15.355177	13.360336	12.730754	C2175 - 6.783	6.78415		Target	NA	0
122.9244	NA	C222 - 0.954	0.954	833404.25	921942.94	644009.6	358593.34	1472725.6	1175407.8	578075.3	1165991.8	352550.94	1343638.1	1027555.9	854771.4	1176951.8	858657.5	813337.3	706121.9	408883.25	582669.6	600407.94	718164.56	1965855	616833.25	551768.25	1402787.2	1215453.4	702911.94	1295467.6	1292251.6	823097.56	19.668657	19.814318	19.296722	18.45199	20.490057	20.16473	19.140898	20.153126	18.427471	20.357714	19.970785	19.70518	20.166624	19.711723	19.633493	19.429558	18.641329	19.152319	19.195583	19.453955	20.906725	19.23452	19.073704	20.419865	20.213062	19.422985	20.30504	20.301455	19.650703	C222 - 0.954	0.93125		Target	NA	0
225.9876	226.989	C223 - 0.846	0.846	231303.58	256792.72	340785.53	231111.17	287497.84	334196.66	259250.06	222953.05	228341.55	245863.14	208477.23	254925.48	242661.03	247965.86	333655.72	272427.78	284818.06	217695.73	248149.38	233120.61	283468.47	297742.56	301705.34	239056.89	279078.94	255753.45	197893.25	305588.66	242008.1	17.819427	17.970243	18.378506	17.818228	18.133192	18.350338	17.983986	17.76638	17.800835	17.907495	17.66953	17.959717	17.888582	17.919783	18.348001	18.055515	18.11968	17.731953	17.920849	17.830717	18.11283	18.183706	18.202782	17.866995	18.090315	17.964394	17.594362	18.221231	17.884695	C223 - 0.846	0.8401833		Target	NA	0
386.92380000000003	387.9241	C2252 - 0.847	0.847	16241.985	19492.068	23296.305	15679.882	17213.516	22689.453	19410.656	13761.421	14403.929	15843.771	12420.079	21967.906	20091.303	15699.098	18282.166	16636.37	18279.021	12411.621	16898.219	15935.319	13983.069	21810.672	20394.627	16723.324	20393.842	14879.637	13455.319	16436.387	17843.467	13.98744	14.250599	14.507813	13.936626	14.071255	14.469734	14.24456	13.748342	13.814175	13.951628	13.600387	14.42311	14.294283	13.938395	14.15815	14.022053	14.157901	13.599404	14.044583	13.95994	13.771394	14.412746	14.315902	14.029574	14.3158455	13.861052	13.715889	14.004605	14.123108	C2252 - 0.847	0.88158333		Target	NA	0
281.1001	282.1003	C2327 - 6.957	6.957	7045.5303	15454.732	14735.302	15523.82	31494.248	16924.395	16123.879	8375.084	15073.355	10506.706	10594.7295	1e-5	17396.201	14306.753	25230.564	9926.948	15798.575	11253.1	1e-5	23383.488	15710.41	22175.977	13282.562	20474.967	13341.061	11641.359	15295.024	22981.541	11644.563	12.782493	13.915762	13.846989	13.922196	14.9428005	14.046817	13.976912	13.031888	13.879713	13.359023	13.371059	-16.60964	14.086485	13.804409	14.622886	13.277135	13.947507	13.4580345	-16.60964	14.513203	13.939433	14.436709	13.697246	14.321573	13.703586	13.506972	13.900774	14.488187	13.507369	C2327 - 6.957	NA		Target	NA	0
307.9423	308.9433	C2340 - 0.797	0.797	48157.723	56170.39	68097.46	30887.729	93080.14	87264.78	46603.91	68171.78	20396.387	74321.33	51526.297	57291.316	72602.766	55071.03	70130.02	49845.164	34739.41	38149.48	42431.383	46969.348	102194.4	55411.74	53917.94	80961.555	88608.52	52030.35	70882.53	96763.54	51478.5	15.55548	15.777522	16.055313	14.914745	16.506186	16.413113	15.508164	16.056887	14.316026	16.181488	15.653022	15.806028	16.147738	15.749005	16.097744	15.605166	15.084286	15.219377	15.372844	15.519432	16.640957	15.757903	15.718478	16.30495	16.435158	15.667067	16.113142	16.562176	15.651683	C2340 - 0.797	0.78223336		Target	NA	0
358.2701	359.2775	C2409 - 8.239	8.239	1e-5	6789.9565	1e-5	616.637	1e-5	11442.796	3463.6724	633.3845	10933.08	5231.727	574.38446	1e-5	12807.135	24512.73	1929.4225	3953.388	1e-5	61947.305	4049.0984	10046.312	46266.85	1e-5	2877.1685	4900.8696	1e-5	2220.4915	838.8367	1e-5	1e-5	-16.60964	12.729187	-16.60964	9.268278	-16.60964	13.482152	11.758086	9.306937	13.416412	12.353072	9.165874	-16.60964	13.64466	14.5812435	10.913954	11.948874	-16.60964	15.918754	11.983385	13.294378	15.497691	-16.60964	11.490434	12.2588215	-16.60964	11.116663	9.712246	-16.60964	-16.60964	C2409 - 8.239	NA		Target	NA	0
467.1885	468.1921	C275 - 6.79	6.79	25295.592	1e-5	3947.5654	1621.8301	52133.67	1e-5	4728.0146	35181.395	2821.9172	5570.134	4150.81	44829.586	4068.1365	16167.679	7852.1987	33575.117	1e-5	6714.9985	1e-5	1987.2106	1682.2843	27370.803	1e-5	2718.8127	13600.898	1e-5	1e-5	10177.203	42591.543	14.626599	-16.60964	11.946747	10.663407	15.669929	-16.60964	12.207019	15.102525	11.46246	12.443497	12.0191765	15.452164	11.990153	13.980824	12.938881	15.035105	-16.60964	12.713171000000001	-16.60964	10.956529	10.716206	14.74035	-16.60964	11.408761	13.731414	-16.60964	-16.60964	13.313053	15.37828	C275 - 6.79	6.7593		Target	NA	0
160.1055	NA	C294 - 1.997	1.997	44770.445	47782.504	57340.26	15257.718	61158.83	22499.744	18837.396	40565.6	20884.482	1e-5	13411.895	118280.25	65029.812	10868.066	81023.54	1e-5	23632.979	1e-5	1e-5	103939.32	1e-5	132690.92	49078.75	1e-5	23967.307	60761.895	22057.84	11445.918	64648.043	15.450259	15.544195	15.807261	13.897252	15.900273	14.457621	14.201312	15.307969	14.350144	-16.60964	13.711226	16.851849	15.988814	13.407807	16.306053	-16.60964	14.528514	-16.60964	-16.60964	16.665382	-16.60964	17.017712	15.582811	-16.60964	14.54878	15.890879	14.429005	13.482546	15.98032	C294 - 1.997	1.9660667		Target	NA	0
309.1291	292.1033	C345 - 1.057	1.057	104104.52	100543.56	195114.05	897909.25	11253.356	8114.4146	158583.89	19661.334	627240	18787.398	46957.074	89558.68	20275.934	127740.67	44727.445	115902.05	327166.03	253978.5	234969.53	170436.75	3412.1658	67182.805	238372.11	21439.71	10193.608	135589.97	16903.002	11272.5205	96227.555	16.667673	16.617462	17.573957	19.77621	13.458068	12.986271	17.274887	14.263073	19.25866	14.197477	15.519055	16.450544	14.30748	16.962858	15.448873	16.822546	18.319664	17.954346	17.842113	17.378878	11.736472	16.035805	17.862856	14.387999	13.315377	17.048891	14.044992	13.460522	16.554163	C345 - 1.057	1.0637		Target	NA	0
267.0146	268.0158	C357 - 0.847	0.847	136624.62	149953.83	198534.4	131878.84	159574.02	190665.97	144973.98	124685.93	123425.06	142516.48	115721.73	144293.02	136393.77	137461.05	190554.08	156232.7	168391.58	118584.1	135631.22	133121.72	164077.81	169039.53	170465.27	133899.66	170487.67	145974.62	115150.81	177012.62	138564.58	17.059858	17.194159	17.59903	17.008854	17.283865	17.540688	17.145435	16.927938	16.913277	17.12077	16.820301	17.138641	17.057419	17.068663	17.53984	17.253336	17.36146	16.85555	17.04933	17.022387	17.32402	17.367	17.379118	17.030792	17.379307	17.155357	16.813166	17.433493	17.080198	C357 - 0.847	0.8319		Target	NA	0
85.0285	86.0964	C366 - 1.132	1.132	24181.488	30538.604	5225.806	42485.777	11534.549	31120.924	1e-5	5708.683	9794.962	19252.44	19625.322	15163.434	20987.541	40270.83	20364.512	7801.3267	55192.44	6832.747	1e-5	43101.95	12230.148	46481.996	33614.676	8015.238	9053.995	10939.505	10384.989	16229.719	9875.946	14.561616	14.898347	12.351438	15.374692	13.493673	14.925597	-16.60964	12.478943	13.257825	14.232753	14.260428	13.888309	14.357245	15.297448	14.313769	12.929504	15.752183	12.73825	-16.60964	15.395466	13.578154	15.504385	15.036803	12.96853	13.144339	13.417259	13.342212	13.98635	13.269704	C366 - 1.132	NA		Target	NA	0
455.2252	456.2285	C453 - 8.762	8.762	5414.4253	23093.076	1e-5	1e-5	1e-5	9862.809	1e-5	1193.2235	5391.7344	11463.077	13536.502	1e-5	15465.966	7989.447	20178.682	14552.483	13513.175	1e-5	7566.689	1e-5	11422.267	1e-5	1e-5	27785.316	1e-5	10418.983	24838.178	12817.231	17238.062	12.402592	14.4951725	-16.60964	-16.60964	-16.60964	13.267783	-16.60964	10.220648	12.396534	13.484707	13.724567	-16.60964	13.91681	12.963881	14.300545	13.828978	13.722078	-16.60964	12.885447	-16.60964	13.479561	-16.60964	-16.60964	14.762034	-16.60964	13.346927	14.600272	13.645797	14.07331	C453 - 8.762	8.7627		Target	NA	0
82.5374	83.0379	C563 - 0.825	0.825	546110.4	582147.3	634639.6	533039.9	637613.2	654987.94	556945.9	568722.8	494782.66	609722.06	533171.5	571992.94	603785.75	559678.2	610782.25	570818.25	549196.6	497780.16	586968.06	548116.4	680812.9	607373.9	591511.25	653083.56	632444.4	544311.9	569664.94	648043.94	554748.7	19.058832	19.151026	19.275578	19.023884	19.282322	19.321108	19.087177	19.117365	18.916435	19.217793	19.02424	19.125637	19.203678	19.094238	19.220299	19.122673	19.066963	18.92515	19.162922	19.064123	19.376898	19.212225	19.174046	19.316908	19.270578	19.054073	19.119755	19.305733	19.081474	C563 - 0.825	0.8319		Target	NA	0
223.9891	224.9905	C58 - 0.846	0.846	733611.06	831985	1101234.8	758070.44	887838.44	1065756.8	819887.4	708728.7	725743.3	788501.5	652702.2	809429.6	786219.1	777443.25	1066403.9	846674.3	889187.1	684427.6	773718.06	756745.8	900604.44	947552.9	951989.75	753869.06	898589.4	804809.06	633265.44	983611.7	809182.8	19.484655	19.666199	20.07069	19.531971	19.759937	20.023445	19.645067	19.434874	19.469099	19.588755	19.316065	19.626545	19.584572	19.568377	20.024323	19.691448	19.762127	19.384539	19.56145	19.52945	19.780533	19.853846	19.860586	19.523954	19.777304	19.618286	19.27245	19.90773	19.626106	C58 - 0.846	0.8401833		Target	NA	0
183.0629	NA	C605 - 3.341	3.341	34536.3	62519.293	24010.928	114304.43	14044.908	31020.703	96221.195	1e-5	92695.47	1e-5	72856.42	19981.61	52293.67	106622.21	44291.414	1e-5	94716.695	112584.81	133887.23	34378.125	1e-5	44226.746	57208.67	11554.404	37139.203	92104.305	1e-5	1e-5	16555.834	15.075826	15.9320135	14.551404	16.802523	13.77776	14.920943	16.554068	-16.60964	16.500212	-16.60964	16.15277	14.286386	15.674349	16.702148	15.43474	-16.60964	16.531332	16.780653	17.030659	15.069203	-16.60964	15.432632	15.8039465	13.496156	15.1806555	16.490982	-16.60964	-16.60964	14.015052	C605 - 3.341	3.3320167		Target	NA	0
86.0598	108.0413	C658 - 2.33	2.33	19839.953	114637.08	60289.63	51311.324	48361.316	40106.805	48756.94	57994.645	27653.477	49280.605	44416.973	35701.555	55381.52	40271.15	40574.766	42378.81	39287.406	37380.965	45651.414	39197.3	74608.38	44359.363	1e-5	56684.992	37995.73	22064.12	100191.28	95393.6	38704.938	14.276121	16.806715	15.8796215	15.64699	15.561565	15.291559	15.573319	15.823632	14.755173	15.588732	15.438824	15.123699	15.757116	15.29746	15.308295	15.371056	15.261779	15.190017	15.478373	15.258468	16.18705	15.436951	-16.60964	15.790679	15.21355	14.429415	16.612398	16.541605	15.240231	C658 - 2.33	2.2972		Target	NA	0
184.961	185.964	C674 - 0.846	0.846	77220.04	77971.74	109856.73	72049.85	86553.64	110005.19	79499.43	66401.734	75062.336	78021.24	66266.79	84824.836	77458.875	78036.664	109029.5	84924.586	91268.53	70607.6	77544.09	72020.57	93296.22	91155.2	94903.52	70984.24	93518.65	81385.51	63461.176	103991.58	83895.125	16.236689	16.250664	16.745264	16.13671	16.401306	16.747211	16.278658	16.018932	16.1958	16.25158	16.015999	16.3722	16.241142	16.251863	16.73436	16.373894	16.477829	16.107536	16.24273	16.136122	16.509531	16.476036	16.534174	16.11521	16.512966	16.312485	15.953587	16.666107	16.3563	C674 - 0.846	0.8401833		Target	NA	0
154.0469	132.0649	C730 - 1.933	1.933	142015	495946.28	119246.984	65842.31	94746.12	552569	250547.86	1e-5	322249.72	171143.16	71790.73	80188.93	46774.113	91908.08	795915.3	252696.34	643036.7	632509.44	638590.2	291319.6	117579.12	134299.52	518743.9	134449.28	67031.305	353491.06	310153.9	64357.598	155722.9	17.115683	18.919825	16.863594	16.006727	16.531778	19.075796	17.934727	-16.60964	18.29782	17.384844	16.13151	16.291115	15.513423	16.487904	19.602255	17.947046	19.29454	19.270727	19.28453	18.152243	16.843273	17.035095	18.984663	17.036701	16.032547	18.431314	18.242624	15.973823	17.248621	C730 - 1.933	1.93295		Target	NA	0
84.0442	NA	C77 - 1.282	1.282	35293.6	22780.566	24798.896	62949.812	27362.057	20156.92	34871.64	5983.8594	20387.703	1e-5	1e-5	15362.708	22170.953	32282.26	22270.928	41514.47	36747.875	28810.459	31149.535	35445.137	10674.482	31774.47	13998.564	13495.568	1e-5	46771.535	29990.928	16387.818	38743.582	15.107119	14.475515	14.597988	15.941914	14.739888	14.298987	15.089766	12.546861	14.3154125	-16.60964	-16.60964	13.907145	14.436383	14.978454	14.442875	15.341327	15.165374	14.814305	14.926923	15.1133	13.381878	14.955581	13.772991	13.720198	-16.60964	15.513343	14.872238	14.000336	15.24167	C77 - 1.282	1.2872167		Target	NA	0
94.0454	94.5461	C792 - 0.824	0.824	332652.7	368048.25	386971.1	310537.3	394037.22	414019.78	350608.66	354168.1	302960.34	381380.34	324578.94	368995	372283.75	333750.53	398008.16	355316.66	326493.22	312368.06	345567.16	345493.25	422763.56	375924.62	371900.16	403787.6	407475.38	340903.8	360983.62	419910.44	338940.78	18.343657	18.489536	18.561867	18.244406	18.587973	18.65934	18.419502	18.434074	18.208769	18.54087	18.30821	18.493242	18.506042	18.348412	18.602438	18.438745	18.316692	18.252888	18.398605	18.398298	18.689491	18.520084	18.504557	18.623238	18.636354	18.379005	18.461575	18.679722	18.370674	C792 - 0.824	0.8401833		Target	NA	0
230.9905	NA	C860 - 1.187	1.187	13288.722	18200.748	22042.941	20931.074	8172.8315	15433.132	22094.219	13637.798	1e-5	6652.2686	11257.616	10286.544	2406.7297	17268.113	1e-5	1327.8417	5854.703	1e-5	3610.3838	20382.71	14012.193	18164.63	16954.188	11773.856	9564.173	961.10876	1633.3386	16249.077	15320.95	13.697914	14.1517105	14.428029	14.353358	12.99662	13.913743	14.43138	13.735323	-16.60964	12.699631	13.458613	13.328471	11.232859	14.075822	-16.60964	10.374867	12.51538	-16.60964	11.817936	14.315059	13.774395	14.148845	14.049354	13.5233	13.223424	9.908556	10.673608	13.98807	13.903218	C860 - 1.187	NA		Target	NA	0
310.1376	288.1555	C886 - 6.039	6.039	45566.695	876.1911	1354.5321	1e-5	3512.668	1027.3695	1475.4017	4813.776	1e-5	3531.3896	13621.315	33269.324	1090.2651	2308.485	669.17126	5626.269	1e-5	3774.2375	2244.8262	1224.5568	1e-5	49602.5	1043.2256	780.18994	5199.7197	6427.922	883.44763	6723.896	16315.896	15.475693	9.775102	10.403579	-16.60964	11.778352	10.004739	10.526893	12.232952	-16.60964	11.78602	13.733579	15.021904	10.090464	11.17273	9.386231	12.457962	-16.60964	11.881969	11.132388	10.258044	-16.60964	15.5981245	10.026835	9.607681	12.344218	12.650137	9.787001	12.715082	13.99399	C886 - 6.039	6.0804667		Target	NA	0
141.0155	119.0332	C913 - 1.795	1.795	10846.135	19769.771	12017.159	19106.89	28659.316	10912.201	11446.815	5763.209	18171.94	5615.5596	27240.195	13196.866	7419.989	8207.882	21767.945	10732.565	29177.049	12879.66	13819.133	5176.635	18147.922	12609.374	2075.313	20517.822	13315.791	4094.9673	4237.604	6056.046	5323.61	13.404893	14.2710085	13.552808	14.221806	14.806717	13.413654	13.482658	12.492656	14.1494255	12.4552145	14.73345	13.687908	12.857202	13.002793	14.409917	13.389708	14.832546	13.652807	13.75438	12.337799	14.147517	13.62221	11.019114	14.324591	13.7008505	11.999637	12.049033	12.564161	12.378188	C913 - 1.795	1.7922167		Target	NA	0
139.0502	122.0241	C943 - 3.968	3.968	52926.59	111831.87	80475.35	39389.86	62409.707	40024.305	67604.945	61765.48	77677.164	108820.53	76979.945	89074.21	50437.203	40713.973	118350.32	76354.49	89759.57	76760.1	38875.41	84256.305	80744.44	77516.2	100976.336	59175.242	70749.42	93292.39	61415.766	109464.76	85692.32	15.691706	16.770971	16.296259	15.265536	15.929483	15.288589	16.04484	15.914514	16.245203	16.73159	16.232195	16.44272	15.622201	15.313236	16.852703	16.220425	16.45378	16.22807	15.246571	16.362497	16.301075	16.24221	16.623657	15.852706	16.110432	16.509472	15.906322	16.740107	16.386879	C943 - 3.968	3.9611833		Target	NA	0
168.0633	146.0811	C977 - 3.018	3.018	1e-5	104747	56604.543	46672.305	22919.305	58018.74	16515.275	20524.604	60161.586	1e-5	1e-5	12751.764	37758.76	24542.375	58720.86	41754.12	49667.293	54146.625	55404.26	50959.152	13447.121	44365.953	51445.4	6123.9146	1e-5	35208.535	8769.952	16983.342	15282.726	-16.60964	16.67655	15.7886305	15.510279	14.484276	15.824231	14.011513	14.325067	15.876555	-16.60964	-16.60964	13.638409	15.204524	14.582987	15.841586	15.34963	15.600008	15.724585	15.7577095	15.6370535	13.71501	15.437165	15.650754	12.580237	-16.60964	15.103638	13.098352	14.051833	13.899614	C977 - 3.018	2.9926		Target	NA	0
145.0477	146.0481	C999 - 1.973	1.973	27551.309	72183.92	37082.43	1e-5	19553.328	104965.94	31840.494	1e-5	1e-5	12510.8	22265.578	25091.553	1e-5	8123.22	49175.496	15935.305	1e-5	14257.536	24962.762	27177.81	4733.599	22882.74	48914.31	401.06583	23882.498	43075.105	1e-5	1e-5	19074.475	14.749833	16.139389	15.178449	-16.60964	14.255126	16.679562	14.958575	-16.60964	-16.60964	13.610886	14.442528	14.614914	-16.60964	12.987835	15.585652	13.959939	-16.60964	13.799437	14.60749	14.730142	12.208722	14.481973	15.577969	8.647695	14.543666	15.394566	-16.60964	-16.60964	14.219357	C999 - 1.973	NA		Target	NA	0
149.06	150.0631	Cinnamic acid_2.278	2.278	196902.36	648842.75	434382.44	588386.4	705950.8	660992.3	144506.45	605035.9	618245.7	677817.75	1567986	1788364.9	876299.25	142693.14	652197.75	653188.8	975103.7	574553.6	139460.94	284561.3	167883.58	839370.56	553143.5	681826.7	1108065.4	656903.94	416979.2	764220.3	629224.3	17.58712	19.30751	18.728607	19.166405	19.429207	19.334274	17.140774	19.206661	19.237822	19.370539	20.58048	20.77021	19.741064	17.122557	19.31495	19.31714	19.895197	19.132082	17.089502	18.11838	17.357101	19.678947	19.077293	19.379045	20.07961	19.325323	18.669615	19.543629	19.263216	Cinnamic acid_2.278	2.2640834	140-10-3	Target	NA	0
136.0753	NA	Coumarone_1.827	1.827	949702.94	1074595.4	1964876.4	1674800.8	1776132.5	2706657.5	958848.5	1550479.5	1094563.4	1107431.4	6970083	807355.75	1125977.1	1434496	1034865.1	656919.4	1545394.1	735633.2	1781801.8	897549.3	1454480	720124.75	989852.6	1745107	1284662.1	8877237	971796.44	1291419.8	721568.44	19.857117	20.035362	20.906008	20.675558	20.760307	21.36808	19.870943	20.564283	20.061924	20.078787	22.732744	19.622845	20.102747	20.452112	19.981012	19.325356	20.559544	19.488626	20.764906	19.77563	20.472073	19.457888	19.916855	20.734884	20.292957	23.081678	19.890295	20.300526	19.460777	Coumarone_1.827	1.8418833	271-89-6	Target	NA	0
104.0702	87.0441	Crotonic acid_1.021	1.021	274462.1	186249.62	187661.05	255489.78	120518.055	229673.38	138278.16	67491.414	258792.53	105059.67	134918.27	130472.78	115396.5	220665.78	191966.64	171315.95	227897.2	241014.06	242075.98	229606.75	107831.055	131459.5	174745.83	162571.1	83463.29	159438.8	125373.21	98354.555	128862.14	18.066248	17.506878	17.51777	17.962906	16.87889	17.809225	17.077213	16.042416	17.981438	16.68085	17.041727	16.99339	16.816238	17.751503	17.550497	17.3863	17.798023	17.878757	17.885101	17.808805	16.718412	17.00426	17.414898	17.31071	16.348854	17.282642	16.93587	16.585705	16.97547	Crotonic acid_1.021	1.0388666	3724-65-0	Target	NA	0
160.1069	NA	delta-Guanidinovaleric acid_1.89	1.89	1e-5	1e-5	1e-5	1e-5	1e-5	1e-5	1e-5	55701.273	1e-5	1e-5	1e-5	1e-5	1e-5	1e-5	1e-5	33856.645	20436.334	1e-5	1e-5	1e-5	1e-5	1e-5	49777.04	1e-5	1e-5	1e-5	1e-5	1e-5	48333.66	-16.60964	-16.60964	-16.60964	-16.60964	-16.60964	-16.60964	-16.60964	15.765423	-16.60964	-16.60964	-16.60964	-16.60964	-16.60964	-16.60964	-16.60964	15.047152	14.318849	-16.60964	-16.60964	-16.60964	-16.60964	-16.60964	15.603193	-16.60964	-16.60964	-16.60964	-16.60964	-16.60964	15.560741	delta-Guanidinovaleric acid_1.89	NA	462-93-1	Target	NA	0
185.042	NA	Dibenzothiophene_2.207	2.207	27634.703	34221.82	9693.881	25997.084	1e-5	26949.717	29103.863	6683.247	20404.986	10801.237	1e-5	10751.31	14098.147	15766.168	13523.331	11466.787	18718.56	1e-5	19364.818	11922.712	8195.34	7334.2827	8557.816	20204.195	1e-5	18824.828	1e-5	7131.3677	1e-5	14.754193	15.062629	13.242858	14.666062	-16.60964	14.717982	14.828923	12.706334	14.316634	13.398909	-16.60964	13.392224	13.783218	13.944545	13.723163	13.485173	14.192182	-16.60964	14.24115	13.541424	13.000588	12.840441	13.063027	14.302367	-16.60964	14.200349	-16.60964	12.799963	-16.60964	Dibenzothiophene_2.207	NA	132-65-0	Target	NA	0
154.0855	NA	Dopamine_2.414	2.414	154923.33	98412.336	87745.06	98580.29	155290.47	179834.97	129139.82	1878.9321	955.4059	4138.659	798.2309	1e-5	94782.93	102635.25	166094.73	424.6663	1e-5	518.0172	110546.52	138894.3	145781.08	1e-5	1312.8904	217434.27	2147.3484	1e-5	83568.375	114980.305	1282.7975	17.241194	16.586552	16.42103	16.589012	17.24461	17.456314	16.978575	10.875697	9.89997	12.014947	9.640662	-16.60964	16.53234	16.647167	17.341646	8.730186	-16.60964	9.016856	16.754293	17.083628	17.153444	-16.60964	10.358531	17.730219	11.06834	-16.60964	16.35067	16.811028	10.325077	Dopamine_2.414	NA	51-61-6	Target	NA	0
439.2308	440.2342	Enanderinanin G_8.653	8.653	37644.48	4500.4907	9300.363	767.9624	59632.895	3096.4954	1901.1261	25084.912	1e-5	6428.823	52488.082	85127.914	9476.941	1e-5	8154.3867	53771.89	2413.179	42619.08	8814.505	5089.364	1e-5	61011.117	12341.43	9571.451	49734.17	14282.964	1e-5	15772.103	51270.8	15.200151	12.135866	13.183071	9.584891	15.863821	11.59642	10.892639	14.614532	-16.60964	12.650339	15.679702	16.377344	13.210206	-16.60964	12.9933605	15.714565	11.236719	15.379211	13.105664	12.31327	-16.60964	15.896784	13.591222	13.224522	15.60195	13.802008	-16.60964	13.945088	15.645849	Enanderinanin G_8.653	8.655084		Target	NA	0
439.2306	440.2338	Enanderinanin G_8.771	8.771	58543.777	4403.8296	1e-5	6898.9653	54480.242	14928.933	1e-5	7066.992	1e-5	42871.016	1e-5	55459.55	2674.93	20055.91	1e-5	65368.977	2413.179	7970.0356	3720.3047	6428.9717	1e-5	65301.797	1031.6512	1760.8718	50095.543	11560.651	13568.577	21308.457	30589.992	15.837229	12.104544	-16.60964	12.752164	15.733445	13.865823	-16.60964	12.786881	-16.60964	15.387714	-16.60964	15.759149	11.385285	14.29174	-16.60964	15.996318	11.236719	12.96037	11.861204	12.6503725	-16.60964	15.994835	10.010739	10.782074	15.612395	13.496936	13.727982	14.379138	14.900772	Enanderinanin G_8.771	NA		Target	NA	0
439.2312	440.2345	Enanderinanin G_9.541	9.541	1e-5	56886.664	52560.34	30647.445	26452.465	1e-5	37140.605	22475.959	80318.93	25067.707	17242.576	1e-5	69859.28	1443.2587	98128.99	52279.11	72119.76	23156.848	40207.027	42087.26	64088.055	1e-5	99725.95	5821.0073	2754.7363	37689.95	80038.26	77755.43	15512.397	-16.60964	15.795803	15.681686	14.903479	14.691114	-16.60964	15.180709	14.456096	16.293451	14.613542	14.073687	-16.60964	16.092165	10.495114	16.582392	15.673947	16.138107	14.499151	15.29516	15.361095	15.967768	-16.60964	16.605682	12.507053	11.427698	15.201892	16.288403	16.246656	13.921134	Enanderinanin G_9.541	9.557433		Target	NA	0
394.1643	395.1692	Ethoxychelerythrine_5.783	5.783	119892.52	1330.7656	1e-5	1206.8096	51823.49	959.83307	1e-5	9635.01	3175.647	35375.62	76289.81	130160.664	1e-5	4911.569	659.2507	33200.043	260.04868	21646.436	1311.3491	1126.6577	1e-5	46060.445	1e-5	2340.6885	67919.31	4211.01	2574.1716	22133.922	90373.5	16.871382	10.37804	-16.60964	10.236982	15.661318	9.906639	-16.60964	13.234071	11.632835	15.110467	16.219202	16.989933	-16.60964	12.261968	9.364683	15.018897	8.022637	14.401842	10.356835	10.137834	-16.60964	15.4912405	-16.60964	11.192717	16.051535	12.039951	11.329892	14.433971	16.463612	Ethoxychelerythrine_5.783	NA	79559-55-0	Target	NA	0
207.1015	208.1048	Ethyl-p-methoxycinnamate_8.596	8.596	23807.701	1e-5	11904.163	11054.517	10548.205	35742.03	1e-5	1e-5	1e-5	19719.37	10937.016	1e-5	18108.49	26144.375	1e-5	1e-5	14180.127	16901.2	22588.266	1e-5	5541.132	15598.316	1e-5	1e-5	24767.977	1e-5	9064.402	1e-5	5648.429	14.539141	-16.60964	13.539179	13.432348	13.36471	15.125334	-16.60964	-16.60964	-16.60964	14.267325	13.416932	-16.60964	14.144379	14.674213	-16.60964	-16.60964	13.791583	14.044838	14.463285	-16.60964	12.435965	13.929103	-16.60964	-16.60964	14.596189	-16.60964	13.145996	-16.60964	12.463634	Ethyl-p-methoxycinnamate_8.596	8.580584	24393-56-4	Target	NA	0
473.2357	474.2396	Euchrenone a15_9.125	9.125	1e-5	1e-5	22294.908	1e-5	1e-5	13371.531	26693.004	1534.327	1e-5	8235.46	1e-5	6747.43	1e-5	8072.861	1e-5	29678.283	1e-5	9561.191	1e-5	1e-5	1e-5	1e-5	1e-5	1e-5	19381.213	531.58154	1e-5	1e-5	6750.1343	-16.60964	-16.60964	14.444427	-16.60964	-16.60964	13.706877	14.704174	10.58339	-16.60964	13.007634	-16.60964	12.720123	-16.60964	12.978865	-16.60964	14.8571205	-16.60964	13.222974	-16.60964	-16.60964	-16.60964	-16.60964	-16.60964	-16.60964	14.242372	9.054147	-16.60964	-16.60964	12.720701	Euchrenone a15_9.125	9.1849		Target	NA	0
219.0981	220.1021	gamma-Glutamyl-alanine_1.2	1.2	113617.51	100310.734	113138.63	109164.62	74914.484	135049.44	94001.85	60944.35	38892.43	52960.703	42687.074	84624.21	62389.78	108231.96	98874.65	76798.19	28303.371	49776.305	149607.53	100229.664	64411.164	71185.914	53295.277	106279.28	53619.805	97955.875	75467.61	63591.926	80300.18	16.793825	16.614117	16.787731	16.736147	16.192957	17.043129	16.520401	15.895205	15.247202	15.692634	15.381512	16.368784	15.929022	16.723768	16.593313	16.228785	14.788687	15.603171	17.190823	16.61295	15.975022	16.119303	15.70172	16.6975	15.710479	16.579844	16.20357	15.956555	16.293116	gamma-Glutamyl-alanine_1.2	1.2292833	5875-41-2	Target	NA	0
247.1285	248.1317	gamma-Glutamyl-valine_1.783	1.783	5070.038	1806.0781	1e-5	3542.785	619532.1	5232.7373	2423.8176	505708.72	1658.0717	164521.05	414030.47	27016.826	642436.4	714.4027	1894.6888	2902.1523	1e-5	1e-5	3246.8074	1e-5	329626.16	32639.959	1e-5	539378.5	507704.6	1e-5	368999.44	364567	6952.1826	12.30778	10.818645	-16.60964	11.7906685	19.24082	12.35335	11.243065	18.947948	10.695291	17.327913	18.659378	14.72157	19.293194	9.480594	10.887745	11.502908	-16.60964	-16.60964	11.664805	-16.60964	18.330471	14.994351	-16.60964	19.040937	18.95363	-16.60964	18.49326	18.475824	12.76325	gamma-Glutamyl-valine_1.783	1.8087667		Target	NA	0
160.0606	NA	gamma-Methylene glutamic acid_1.538	1.538	1e-5	1e-5	1e-5	1e-5	1e-5	103661.42	1e-5	1e-5	1e-5	1e-5	133216.17	1e-5	1e-5	49707.41	495225.22	132986.25	57773.81	1e-5	91592.79	1e-5	1e-5	1e-5	114750.33	1e-5	54547.004	195242.38	1e-5	94998.69	1e-5	-16.60964	-16.60964	-16.60964	-16.60964	-16.60964	16.66152	-16.60964	-16.60964	-16.60964	-16.60964	17.023409	-16.60964	-16.60964	15.601173	18.917727	17.020918000000002	15.818128	-16.60964	16.482946	-16.60964	-16.60964	-16.60964	16.808138	-16.60964	15.735212	17.574907	-16.60964	16.53562	-16.60964	gamma-Methylene glutamic acid_1.538	1.5024667	7150-74-5	Target	NA	0
180.0873	NA	Glucosamine_6.33	6.33	40125.08	114540.71	1e-5	143557.78	35082.457	93063.35	143157.66	116088.82	128859.38	1e-5	163803.03	140337.67	1e-5	1e-5	59075.902	65237.992	113322.43	131819.62	164227.2	193501.38	32937.383	156602.11	258876.66	50750.027	35942.656	173424.7	49629.906	82213.36	31220.785	15.292217	16.8055	-16.60964	17.131271	15.098461	16.505924	17.127245	16.82487	16.975437	-16.60964	17.321602	17.098543	-16.60964	-16.60964	15.850282	15.993424	16.790075	17.008205	17.325335	17.561983	15.007439	17.256744	17.981905	15.631121	15.1334095	17.40395	15.598923	16.327085	14.93022	Glucosamine_6.33	6.328833	3416-24-8	Target	NA	0
258.1102	NA	Glycerophosphocholine_1.048	1.048	142714.06	128960.44	153400.16	302006.2	39989.7	87210.62	174658.89	38462.426	327861.25	34927.793	70668.44	66891.914	45260.316	215876.66	77410.88	128720.336	304923.72	287143.25	226779.12	103140.92	44828.48	77481.27	125529.266	37974.746	36841.023	136466.27	29367.145	55257.13	81606.46	17.122766	16.976568	17.22694	18.20422	15.287341	16.412216	17.414180000000002	15.231162	18.322725	15.092089	16.108778	16.029543	15.46596	17.719847	16.24025	16.97388	18.21809	18.13141	17.790928	16.654259	15.452128	16.24156	16.937664	15.212753	15.169025	17.058184	14.841916	15.753874	16.316397	Glycerophosphocholine_1.048	1.0305834	28319-77-9	Target	NA	0
256.1295	257.133	HC Blue No.1_1.531	1.531	28935.328	1e-5	1e-5	1e-5	41819.684	1e-5	7770.192	12881.24	1e-5	39512.95	1e-5	66200.266	52927.164	1e-5	1e-5	29635.322	1e-5	1e-5	1e-5	1e-5	1e-5	1e-5	44237.246	1e-5	1e-5	33134.227	1e-5	1e-5	37108.703	14.820544	-16.60964	-16.60964	-16.60964	15.351895	-16.60964	12.923734	13.652985	-16.60964	15.270039	-16.60964	16.01455	15.69172	-16.60964	-16.60964	14.85503	-16.60964	-16.60964	-16.60964	-16.60964	-16.60964	-16.60964	15.432975	-16.60964	-16.60964	15.016035	-16.60964	-16.60964	15.179469	HC Blue No.1_1.531	NA	2784-94-3	Target	NA	0
310.1283	311.1304	Ketotifen_2.438	2.438	264671.16	269357.62	222757.72	324679.88	99087.59	118254.664	226530.6	143690.25	626765.6	110053.58	201188.78	254022.28	106010.086	257231.27	232964.34	148573.19	216648.53	137490.84	238093.03	528911.9	82624.07	182773.95	190895.53	149095.45	135149.9	317268.97	112061.39	95803.734	183907.38	18.013842	18.039164	17.765116	18.308659	16.596416	16.851538	17.789347	17.132603	19.257566	16.747847	17.61819	17.954596	16.693842	17.972708	17.82975	17.180813	17.724997	17.068975	17.861166	19.012669	16.334274	17.479702	17.542425	17.185877	17.0442	18.275347	16.77393	16.547794	17.48862	Ketotifen_2.438	2.39655	34580-14-8	Target	NA	0
463.1585	464.1629	Lactiflorin_7.997	7.997	1e-5	12012.743	2626.8083	13227.847	1e-5	33873.86	1139.8162	1e-5	1e-5	1196.4554	1e-5	1e-5	828.26154	36285.176	1869.2836	1e-5	1083.9324	3897.2832	23118.709	9014.278	1402.4045	1e-5	2710.4915	18336.633	1e-5	5495.2593	1981.5051	1e-5	1e-5	-16.60964	13.5522785	11.359095	13.691291	-16.60964	15.047885	10.154586	-16.60964	-16.60964	10.224551	-16.60964	-16.60964	9.693942	15.147093	10.86827	-16.60964	10.082059	11.928253	14.496773	13.137997	10.453687	-16.60964	11.404339	14.162441	-16.60964	12.423971	10.952381	-16.60964	-16.60964	Lactiflorin_7.997	NA		Target	NA	0
162.0762	NA	L-aminoadipic acid**_1.48	1.48	1e-5	1e-5	1e-5	1e-5	54046.37	1e-5	57021.42	66350.28	1e-5	53109.05	1e-5	47067.45	56337.3	1e-5	1e-5	1e-5	1e-5	1e-5	1e-5	1e-5	69190.96	60864.31	1e-5	91892.46	58593.1	1e-5	65343.7	75565.74	45678.523	-16.60964	-16.60964	-16.60964	-16.60964	15.7219095	-16.60964	15.799216	16.017815	-16.60964	15.696671	-16.60964	15.522441	15.781802	-16.60964	-16.60964	-16.60964	-16.60964	-16.60964	-16.60964	-16.60964	16.078297	15.893309	-16.60964	16.48766	15.838444	-16.60964	15.995761	16.205444	15.479228	L-aminoadipic acid**_1.48	NA	1118-90-7	Target	NA	0
307.0838	614.1629	Leucocyanidin_1.567	1.567	2163358.8	3846954.8	3426393.8	2960348.5	3076084	6865678.5	1346346.9	1470704.9	1139565.6	1877595.4	1109179.1	1287063.5	1927418.4	2723860.5	3299216.8	1671855.9	2616828.2	1399782.8	3362703	1609427.2	2010931.6	1184347.9	2010813.6	2724342.5	2922890	1687084.2	861638.75	2195721.5	1103846.4	21.044842	21.875284	21.70826	21.497335	21.552664	22.71097	20.360619	20.488075	20.120052	20.840454	20.08106	20.295652	20.878239	21.377222	21.653692	20.67302	21.319387	20.41677	21.68119	20.618114	20.939432	20.175661	20.939346	21.377476	21.478964	20.6861	19.716724	21.066263	20.074108	Leucocyanidin_1.567	NA	480-17-1	Target	NA	0
245.1859	246.1895	Leucyl-Leucine_6.692	6.692	41906.668	20464.29	13789.416	18436.045	31356.11	54207.36	13821.211	25834.797	17294.85	30134.676	46978.37	59956.242	18520.246	28794.166	9085.212	34751.92	12664.865	70695.46	32621.055	166347.22	52827.35	65609.22	26737.988	42447.02	32002.53	26522.479	8789.484	20718.492	56728.863	15.354892	14.320821	13.751273	14.170242	14.93646	15.726201	13.754596	14.657027	14.078055	14.879137	15.519709	15.871622	14.176816	14.813489	13.149305	15.084805	13.628544	16.10933	14.993516	17.343838	15.688997	16.001612	14.706604	15.373375	14.9658985	14.694928	13.1015625	14.338631	15.791795	Leucyl-Leucine_6.692	6.6848		Target	NA	0
279.1709	280.1748	Leucyl-phenylalanine_7.238	7.238	1e-5	2327.0073	2836.1697	1829.9155	22198.748	3554.2268	1949.9318	1e-5	1426.1476	14897.789	1e-5	11732.011	2415.2778	1e-5	1724.6805	20405.68	1755.5187	2095.9614	3828.618	1e-5	4417.705	22914.664	1e-5	608.607	32665.332	3701.7397	2826.0422	1067.3702	14284.543	-16.60964	11.18426	11.4697275	10.837561000000001	14.438191	11.79532	10.929208	-16.60964	10.477907	13.86281	-16.60964	13.518163	11.237973	-16.60964	10.752113	14.316684	10.777681	11.033397	11.902608	-16.60964	12.109081	14.483984	-16.60964	9.249368	14.995473	11.853988	11.464567	10.059845	13.802168	Leucyl-phenylalanine_7.238	7.2146335		Target	NA	0
148.0605	NA	L-GLUTAMIC ACID**_1.041	1.041	29255.379	54394.504	42733.25	91021.67	23353.326	37562.285	7481.9355	14898.899	68590.36	12561.682	17050.303	11490.387	11432.272	41875.29	52101.09	33425.67	88130.03	46966.74	71806.49	38250.848	19287.846	9919.252	36402.824	27401.658	21172.535	33163.918	9483.31	15773.861	26127.805	14.836415	15.7311735	15.383071	16.473923	14.51134	15.196997	12.869196	13.862918	16.065718	13.616741	14.057509	13.48814	13.480824	15.353811	15.669025	15.028669	16.427347	15.519351	16.131826	15.223204	14.235404	13.276015	15.151762	14.741976	14.369905	15.017327	13.211175	13.945248	14.673298	L-GLUTAMIC ACID**_1.041	1.0223167	56-86-0	Target	NA	0
189.1347	190.1353	L-Homoarginine_1.021	1.021	80753.95	43846.688	46201.742	79956.81	28550.666	38338.2	44203.695	61480.58	73002.44	38906.527	63776.03	62873.438	68683.53	52942.188	45803.133	48592.242	55763.258	47920.582	68314.91	71674.484	21338.908	78457.1	52275.36	49785.95	59004.56	55577.965	40242.945	25107.455	81554.23	16.301245	15.42018	15.49566	16.286934	14.801237	15.226495	15.431879	15.907844	16.155657	15.247725	15.960726	15.940163	16.067677	15.69213	15.483159	15.568438	15.767027	15.548358	16.059914	16.129171	14.381199	16.259617	15.673843	15.603451	15.848538	15.762225	15.296448	14.6158285	16.315472	L-Homoarginine_1.021	1.0140333		Target	NA	0
132.1018	NA	L-ISOLEUCINE**_1.428	1.428	17700000	17000000	20300000	15400000	13400000	16800000	17600000	21100000	13900000	8667443	18800000	17500000	20700000	17600000	18600000	22000000	14600000	23400000	19600000	18800000	25800000	20000000	19500000	19700000	23800000	15900000	17200000	30500000	26300000	24.078222	24.022078	24.273235	23.87321	23.679363	24.002113	24.070078	24.329062	23.728262	23.047174	24.163673	24.057575	24.304161	24.06766	24.149866	24.393332	23.802567	24.478514	24.225622	24.166534	24.620893	24.25637	24.219576	24.233984	24.501762	23.919506	24.034548	24.864271	24.648556	L-ISOLEUCINE**_1.428	1.39485	24629-25-2	Target	NA	0
191.1027	NA	LL-2,6-DIAMINOHEPTANEDIOATE**_1.082	1.082	21285.734	19979.951	16371.704	26722.826	17048.982	7479.6436	16613.97	10803.704	27981.857	8061.8945	21133	13461.374	13840.883	23018.96	11408.354	18961.8	27058.18	29710.066	17888.53	22291.676	11443.626	19448.549	22424.527	14684.682	12228.283	22229.934	12897.528	11693.4	23815.477	14.3776	14.286265	13.998918	14.705785	14.057398	12.868753	14.020109	13.399239	14.772203	12.976903	14.36721	13.716538	13.756649	14.490535	13.477803	14.210808	14.723777	14.858664	14.126747	14.444218	13.482257	14.247375	14.45279	13.842025	13.577934	14.440216	13.654807	13.513408	14.539612	LL-2,6-DIAMINOHEPTANEDIOATE**_1.082	1.0802667	14289-34-0	Target	NA	0
277.1168	278.1198	L-Pyridosine_6.949	6.949	25454.686	29911.717	7714.995	15461.146	7147.4585	35486.61	12362.05	1e-5	1e-5	1e-5	1e-5	1e-5	9343.488	15541.08	21206.025	1e-5	1e-5	1e-5	15739.106	18220.197	10190.797	3071.9346	1e-5	21139.732	1e-5	1e-5	5966.7827	1761.2297	1e-5	14.635644	14.8684225	12.913449	13.91636	12.803214	15.114987	13.59363	-16.60964	-16.60964	-16.60964	-16.60964	-16.60964	13.189746	13.9237995	14.372187	-16.60964	-16.60964	-16.60964	13.942066	14.153251	13.31498	11.584931	-16.60964	14.36767	-16.60964	-16.60964	12.542737	10.782368	-16.60964	L-Pyridosine_6.949	NA	31489-08-4	Target	NA	0
307.1503	308.1537	Lupinate_1.461	1.461	13516.582	8498.47	11667.183	4257.046	17062.236	16619.148	22143.46	20308.242	3631.2737	8712.525	14061.988	21528.635	17056.95	6539.086	7826.392	7723.9033	5926.612	8006.138	10995.165	13730.896	20248.607	20661.965	7494.5728	51192.473	20532.8	12588.447	15902.128	29397.277	10610.426	13.722444	13.052988	13.510169	12.055637	14.058519	14.020558	14.434593	14.309778	11.826261	13.088876	13.779512	14.39397	14.058072	12.674873	12.934132	12.915114	12.532992	12.96689	13.424582	13.745138	14.305534	14.334689	12.87163	15.643643	14.325643	13.619812	13.956933	14.843394	13.373195	Lupinate_1.461	NA		Target	NA	0
134.0601	NA	Mandelonitrile_6.399	6.399	439.5381	38435.86	35297.637	471.17987	883.061	1177.9097	42705.8	6915.7285	51890.734	1e-5	2630.9531	888.8239	47480.13	1939.8003	48320.664	1e-5	27389.264	850.5348	2358.4	28238.049	43691.6	11894.311	24970.777	928.45306	2005.2062	23749.959	35980.31	14712.421	704.4628	8.779844	15.2301655	15.107284	8.880135	9.786369	10.202013000000001	15.382145	12.755666	15.663189	-16.60964	11.36137	9.795754	15.535036	10.921692	15.560353	-16.60964	14.7413225	9.732226	11.203592	14.785353	15.415068	13.537985	14.607953	9.8586855	10.969535	14.535638	15.13492	13.844747	9.46038	Mandelonitrile_6.399	NA		Target	NA	0
425.1763	426.1756	Marchantin C_6.778	6.778	55041.348	1e-5	640.8225	1e-5	62283.44	1e-5	10619.085	51653.625	16058.709	65998.82	50868.52	62498.098	2530.7139	40996.105	1030.4817	55252.344	7012.15	56000.355	8838.173	5370.8022	4078.199	84602.35	2046.8129	1763.6047	66141.69	5429.4565	3649.4136	49365.613	51677.7	15.748228	-16.60964	9.323781	-16.60964	15.92656	-16.60964	13.374372	15.656582	13.971068	16.010153	15.634486	15.931525	11.305328	15.323198	10.009104	15.753748	12.775641	15.773148	13.109533	12.390922	11.993716	16.36841	10.999164	10.784311	16.013271	12.406591	11.833449	15.591219	15.657253	Marchantin C_6.778	NA		Target	NA	0
399.1993	400.2021	Massonivesinol_8.659	8.659	12902.609	27926.828	25813.488	15575.974	14815.881	11434.053	1e-5	8907.401	11398.34	30255.404	11284.191	33046.945	8379.381	6183.2324	23728.184	25753.455	9026.105	39377.164	1e-5	6009.167	9472.786	16959.156	11752.749	1e-5	4157.63	9645.732	1e-5	7055.785	38610.656	13.6553755	14.769363	14.655837	13.927035	13.8548565	13.481049	-16.60964	13.120789	13.476536	14.884906	13.462015	15.012229	13.032628	12.594145	14.534314	14.652479	13.139887	15.265071	-16.60964	12.552949	13.209573	14.049777	13.520711	-16.60964	12.021546	13.235675	-16.60964	12.784591	15.236711	Massonivesinol_8.659	8.6882		Target	NA	0
322.1088	323.1049	Menisporphine_1.669	1.669	17558.703	7194.1006	12353.2705	56084.125	19351.342	27093.51	20203.05	1e-5	21124.096	1e-5	1e-5	11597.8125	12921.521	1e-5	19259.027	1e-5	1e-5	6301.7915	26263.828	17285.27	19886.127	14241.611	9454.254	5040.7974	9326.603	10010.073	10931.522	14576.905	9122.2705	14.099898	12.812599	13.592605	15.775306	14.240146	14.725659	14.302285	-16.60964	14.366602	-16.60964	-16.60964	13.501565	13.657489	-16.60964	14.233247	-16.60964	-16.60964	12.621547	14.68079	14.077256	14.279474	13.797824	13.206747	12.299436	13.187136	13.2891655	13.416207	13.831396	13.155177	Menisporphine_1.669	NA	83287-02-9	Target	NA	0
344.1335	345.1363	N-(1-Deoxy-1-fructosyl)tyrosine_1.837	1.837	697379.9	237624.88	721348.1	1685506.2	394728.03	1e-5	1027945	640351.6	2289068	204159.95	692845.9	263108.03	424649.5	965320.7	714464.2	903244.7	1078793.9	640611.4	713575.8	801068.94	146218.95	152791.88	670804.6	491221.22	502702.2	3195975.8	110631.15	208348.9	909330.9	19.411585	17.858326	19.460337	20.684752	18.5905	-16.60964	19.97133	19.288506	21.12633	17.63934	19.402174	18.005295	18.695913	19.880648	19.446503	19.784758	20.040989	19.28909	19.444706	19.611567	17.15777	17.221209	19.355534	18.906013	18.939344	21.607824	16.755398	17.668642	19.794447	N-(1-Deoxy-1-fructosyl)tyrosine_1.837	1.8418833	34393-22-1	Target	NA	0
166.0727	167.074	N2-Methylguanine_5.828	5.828	1e-5	67198.17	131288.97	1e-5	103414.53	34001.105	1e-5	1e-5	61775.85	108280.52	22464.225	88977.97	44555.516	1e-5	92289.17	41120.12	23461.053	23811.736	1e-5	1e-5	55562.816	1e-5	142476.56	1e-5	1e-5	67531.98	1e-5	95720.75	81124.93	-16.60964	16.036135	17.002386	-16.60964	16.658080000000002	15.053295	-16.60964	-16.60964	15.914756	16.724415	14.455341	16.44116	15.443316	-16.60964	16.493874	15.327558	14.51798	14.539386	-16.60964	-16.60964	15.761831	-16.60964	17.120365	-16.60964	-16.60964	16.043283	-16.60964	16.546545	16.307858	N2-Methylguanine_5.828	5.8238335	10030-78-1	Target	NA	0
212.0529	190.0709	N-Acetylglutamic acid_2.102	2.102	49900.12	50373.89	35329.242	82063.43	26764.26	153251.9	80960.19	32558.63	56723.16	13552.539	50953.965	58432.016	47806.637	51725.24	81042.95	30136.682	57297.9	42435.195	80290.914	97614.09	42879.777	47802.2	42250.15	51522.516	36265.656	102184.28	48351.4	21946.76	68657.91	15.606755	15.620389	15.108576	16.324451	14.708019	17.225546	16.304926	14.990752	15.791651	13.726275	15.636906	15.834472	15.544923	15.65858	16.306398	14.879233	15.806195	15.372973	16.29295	16.574802	15.38801	15.544789	15.366669	15.652916	15.146317	16.640814	15.56127	14.4217205	16.067139	N-Acetylglutamic acid_2.102	2.1150668	1188-37-0	Target	NA	0
316.1395	317.1419	Neosaxitoxin_1.59	1.59	1e-5	1e-5	1e-5	67454.51	1e-5	1e-5	1e-5	1e-5	44881.637	1e-5	1e-5	23798.34	1e-5	1e-5	1e-5	1e-5	21864.87	1e-5	1e-5	1e-5	1e-5	1e-5	1e-5	1e-5	1e-5	40417.688	1e-5	1e-5	1e-5	-16.60964	-16.60964	-16.60964	16.041626	-16.60964	-16.60964	-16.60964	-16.60964	15.453838	-16.60964	-16.60964	14.538572	-16.60964	-16.60964	-16.60964	-16.60964	14.416327	-16.60964	-16.60964	-16.60964	-16.60964	-16.60964	-16.60964	-16.60964	-16.60964	15.3027	-16.60964	-16.60964	-16.60964	Neosaxitoxin_1.59	1.5769666	64296-20-4	Target	NA	0
425.217	426.2236	Nigakilactone H_8.243	8.243	151441.48	1955.4344	3172.36	2422.1594	233844.83	5787.086	1e-5	88987.59	36427.75	192145.25	224068.77	310092.62	3891.8452	1e-5	3558.7056	182939.27	1e-5	264815.12	4695.2964	2276.7532	1e-5	327568.8	2406.8657	3271.6726	1e-5	4109.392	2531.725	28304.521	135587.6	17.2084	10.933273	11.631341	11.242078	17.835192	12.498622	-16.60964	16.441317	15.15275	17.551838	17.77358	18.24234	11.926239	-16.60964	11.797136	17.481005	-16.60964	18.014626	12.197	11.152761	-16.60964	18.321438	11.23294	11.675813	-16.60964	12.004709	11.305904	14.788746	17.048866	Nigakilactone H_8.243	8.28255		Target	NA	0
382.1865	383.1888	Petasitenine_8.262	8.262	1e-5	3663.7183	1670.8884	2157.8594	21011.324	962.9969	2393.3298	1e-5	1984.197	4564.986	15696.441	21644.29	3802.826	5866.891	761.5831	9853.678	1e-5	10148.223	1395.9497	2719.8347	1659.1847	3759.8552	1539.4745	1023.64526	30834.38	1e-5	1362.5752	1e-5	20540.234	-16.60964	11.839093	10.7064	11.075385	14.35888	9.911387	11.224803	-16.60964	10.954339	12.156394	13.938149	14.401699	11.892857	12.51838	9.572858	13.266447	-16.60964	13.308939	10.447031	11.409304	10.696259	11.876461	10.588222	9.9995	14.912252	-16.60964	10.41212	-16.60964	14.326164	Petasitenine_8.262	NA	60102-37-6	Target	NA	0
182.0811	165.0538	Phenyl pyruvic acid_1.827	1.827	10700000	5485058	39500000	40200000	40300000	12500000	7217781	42300000	3462700.8	13500000	43400000	14500000	44800000	40200000	11100000	10200000	50900000	44300000	15900000	12300000	13600000	8944365	10900000	7390261	46400000	7893429	10800000	36900000	8737360	23.347622	22.387075	25.235142	25.261805	25.263313	23.576908	22.783123	25.332796	21.723465	23.683012	25.369755	23.791	25.417255	25.25908	23.40497	23.281187	25.600895	25.40087	23.918833	23.557085	23.70009	23.092548	23.380552	22.817194	25.468431	22.91222	23.366493	25.138899	23.058767	Phenyl pyruvic acid_1.827	1.8384666	156-06-9	Target	NA	0
459.1289	460.1311	Phrymarolin-II_7.464	7.464	19594.812	42259.234	31456.912	28318.564	19086.178	23870.064	26630.09	21816.938	28861.322	16204.491	20137.635	21473.49	21521.883	24637.71	35871.86	26773.213	39130.855	21705.355	37427.67	37946.598	30780.816	23977.78	52416.137	38395.445	21315.818	51934.535	20417.785	22696.352	17720.791	14.258184	15.366979	14.941089	14.789461	14.220241	14.542914	14.70077	14.413161	14.81685	13.984106	14.297607	14.390268	14.393517	14.588581	15.130565	14.708503	15.25602	14.405764	15.191817	15.211682	14.909744	14.54941	15.677724	15.228648	14.379638	15.664407	14.317539	14.470173	14.113155	Phrymarolin-II_7.464	7.462983	23720-86-7	Target	NA	0
293.0996	294.1035	Picrotoxinin_6.542	6.542	1e-5	43192.594	34839.51	1e-5	1e-5	94858.73	1e-5	1e-5	1e-5	1e-5	17886.695	1e-5	35003.86	1e-5	16408.027	1e-5	1e-5	30717.018	4943.9077	1e-5	66048.34	1e-5	40240.14	118245.43	1e-5	1e-5	63959.91	8700.516	1e-5	-16.60964	15.398497	15.088437	-16.60964	-16.60964	16.533493	-16.60964	-16.60964	-16.60964	-16.60964	14.1266	-16.60964	15.095227	-16.60964	14.002114	-16.60964	-16.60964	14.906751	12.271436	-16.60964	16.011236	-16.60964	15.296348	16.851423	-16.60964	-16.60964	15.96488	13.0868845	-16.60964	Picrotoxinin_6.542	6.585467	17617-45-7	Target	NA	0
293.0997	294.1032	Picrotoxinin_7.784	7.784	74708.27	31010.943	10334.433	1e-5	58322.3	1e-5	1e-5	1e-5	1e-5	1e-5	1e-5	1e-5	63624.355	1e-5	1e-5	1e-5	1e-5	1e-5	24816.047	132239.62	42201.344	1e-5	1e-5	28453.506	1e-5	50670.92	1e-5	1e-5	35814.297	16.18898	14.920489	13.335172	-16.60964	15.831759	-16.60964	-16.60964	-16.60964	-16.60964	-16.60964	-16.60964	-16.60964	15.957292	-16.60964	-16.60964	-16.60964	-16.60964	-16.60964	14.598986	17.012794	15.365002	-16.60964	-16.60964	14.796318	-16.60964	15.628871	-16.60964	-16.60964	15.128247	Picrotoxinin_7.784	7.8355165	17617-45-7	Target	NA	0
84.0808	NA	Piperideine_1.202	1.202	98041.14	153749.4	75382.1	82552.836	110685.49	269349.62	168608.11	92469.48	89496.5	187289.22	115031.74	98982.94	106681	139411.02	82886.75	121677.23	180675.81	97904.19	191552.45	149481.48	245031.3	193511.14	86249.45	132261.73	122237.02	129671.37	395634	195659.16	138529.52	16.581099	17.23022	16.201933	16.33303	16.756105	18.03912	17.363316	16.49669	16.449543	17.514908	16.811672	16.594893	16.702944	17.088985	16.338854	16.8927	17.463043	16.579084	17.54738	17.189608	17.902607	17.562056	16.396227	17.013035	16.899323	16.9845	18.593807	17.577984	17.079834	Piperideine_1.202	1.1713333		Target	NA	0
249.1123	250.1156	Prenyl caffeate_8.458	8.458	1e-5	27984.977	35884.785	34795.8	51839.734	46896.047	25383.63	45452.43	62022.484	1e-5	1e-5	72440.16	36459.074	11135.178	52187.355	82095.49	62184.258	47668.58	41758.79	50310.863	58458.7	51001.31	44857.613	33623.69	39039.438	19444.402	23931.6	76721.22	23756.219	-16.60964	14.772365	15.131084	15.086625	15.661771	15.517179	14.631611	15.47207	15.920505	-16.60964	-16.60964	16.144503	15.15399	13.442837	15.671412	16.325016	15.924262	15.540751	15.3497925	15.618583	15.835131	15.638247	15.453065	15.03719	15.252645	14.247067	14.54663	16.227337	14.536017	Prenyl caffeate_8.458	8.415		Target	NA	0
229.1183	230.122	Prolylhydroxyproline_5.629	5.629	97390.34	106475.97	63578.926	43452.598	17818.537	26668.318	1e-5	21916.068	1441.1089	1e-5	1e-5	1e-5	37346.23	1e-5	52316.39	1e-5	4245.963	1e-5	61597.176	57558.297	59665.61	1e-5	1e-5	35437.805	3642.8115	1e-5	47172.34	31234.06	1e-5	16.571491	16.700169	15.956262	15.407155	14.121091	14.70284	-16.60964	14.419701	10.492964	-16.60964	-16.60964	-16.60964	15.188675	-16.60964	15.674974	-16.60964	12.051875	-16.60964	15.910576	15.812736	15.864613	-16.60964	-16.60964	15.113002	11.830836	-16.60964	15.525654	14.930832	-16.60964	Prolylhydroxyproline_5.629	NA	18684-24-7	Target	NA	0
298.1149	299.1179	Psicofuranine_5.828	5.828	597948.9	775569.6	759864.8	393842.25	643523.3	399666.38	332849.4	370700.6	475173.72	405271.7	458106.22	620409.25	324219.25	346130.53	634946.1	437826.47	434859.3	450038.72	425800.9	603851.44	542508.44	442704.2	788664	819615.44	461965	694963.1	627817.4	671907.4	549938.6	19.189663	19.564896	19.535383	18.58726	19.295633	18.608437	18.344511	18.499895	18.858095	18.628529	18.805323	19.24286	18.30661	18.400957	19.276276	18.74	18.730188	18.77969	18.69982	19.203835	19.049286	18.755983	19.58905	19.644588	18.817425	19.406578	19.259985	19.357903	19.06891	Psicofuranine_5.828	5.8238335	1874-54-0	Target	NA	0
298.115	299.1172	Psicofuranine_6.066	6.066	95668.33	122697.74	150171.7	118519.914	81173.766	146669.16	99779.73	68361.89	106080.63	68247.62	81955.516	74135.62	84541.32	101541.26	142135.45	77717.72	106808.805	89939.4	149908.31	184693.3	151342.23	76163.96	117072.07	188022.61	72956.55	98085.85	105730.945	84466.87	64035.195	16.545753	16.904749	17.196253	16.85477	16.308725	17.162207	16.606459	16.060905	16.694800999999998	16.05849	16.322554	16.17788	16.367369	16.631706	17.116907	16.245956	16.70467	16.456667	17.19372	17.494772	17.207455	16.21682	16.837036	17.520546	16.15475	16.581757	16.690039	16.366096	15.966578	Psicofuranine_6.066	6.0639167	1874-54-0	Target	NA	0
411.1992	799.4091	Rehmaionoside C_7.64	7.64	6398.4355	1455.5625	3444.505	1e-5	29579.545	2022.8696	3001.029	12399.754	3516.1975	1e-5	21447.55	25397.908	3799.149	1e-5	1292.956	12559.666	1e-5	22693.584	1681.3668	1304.4049	2668.3809	30315.959	471.09195	1e-5	22972.65	5419.549	1980.5366	9366.292	21380.943	12.643504	10.507361	11.75008	-16.60964	14.852312	10.982187	11.551241	13.598024	11.7798	-16.60964	14.388525	14.6324215	11.891461	-16.60964	10.336457	13.61651	-16.60964	14.469997	10.715419	10.349175	11.381748	14.88779	8.879865	-16.60964	14.48763	12.403957	10.951675	13.193262	14.384037	Rehmaionoside C_7.64	7.6782165000000004	104112-05-2	Target	NA	0
313.1261	314.1291	Ribalinium_9.13	9.13	1e-5	13028.853	21871.855	13503.208	1e-5	20385.955	17569.139	9946.514	10800.663	30598.41	17902.992	1e-5	17456.559	31924.752	11906.499	18035.492	14469.155	22749.523	17031.102	1e-5	6748.3613	1e-5	48252.836	47833.117	14492.963	1e-5	16441.951	18624.354	1e-5	-16.60964	13.669422	14.416788	13.721014	-16.60964	14.315289	14.100756	13.279975	13.398832	14.901169	14.1279125	-16.60964	14.091481	14.962387	13.539462	14.138551	13.820694	14.473548	14.055884	-16.60964	12.720321	-16.60964	15.558327	15.545722	13.823064	-16.60964	14.005094	14.184903	-16.60964	Ribalinium_9.13	9.118683		Target	NA	0
401.2072	402.2116	Rotundifoline_8.863	8.863	1e-5	112287.46	37962.65	59583.938	27774.197	125661.14	88059.86	48836.445	56122.977	30535.094	31762.932	2563.1238	111404.1	57817.594	110419.16	17228.943	61798.977	39203.574	97530.98	53888.97	78049.414	15356.649	59873.223	209303.33	31755.316	14583.197	26578.06	19862.229	8779.83	-16.60964	16.776838	15.212294	15.862636	14.761458	16.939178	16.426197	15.57567	15.776304	14.89818	14.955057	11.323688	16.765442	15.8192215	16.75263	14.072546000000001	15.915295	15.258697	16.573574	15.717702	16.2521	13.906576	15.869623	17.675236	14.95471	13.83202	14.697948	14.27774	13.0999775	Rotundifoline_8.863	8.853766	6883-25-6	Target	NA	0
345.1699	346.1734	Shikonofuran D_8.462	8.462	1e-5	40965.586	29675.443	1e-5	15863.907	1e-5	26057.725	1e-5	23221.027	30030.271	14817.466	21781.525	50658.246	2019.7411	37993.023	3190.7295	21870.932	1e-5	1e-5	11925.737	16326.001	37368.504	35355.79	1e-5	4444.442	5905.6094	25031.508	25140.492	1e-5	-16.60964	15.3221245	14.856981	-16.60964	13.95346	-16.60964	14.669424	-16.60964	14.503144	14.87413	13.855012	14.410817	15.6285095	10.979955	15.213447	11.63967	14.416726	-16.60964	-16.60964	13.541792	13.994884	15.189535	15.109658	-16.60964	12.117786	12.52787	14.611458	14.617726	-16.60964	Shikonofuran D_8.462	NA		Target	NA	0
211.0968	212.0998	Sinapyl alcohol_7.993	7.993	3542.322	28246.15	9628.446	7569.1245	17682.93	12245.0625	17458.574	10849.929	4967.1753	9622.41	15675.497	8011.2505	17157.607	8978.857	12790.712	12405.928	5721.974	32589.275	17525.469	33497.87	14315.438	7679.613	1e-5	8629.19	13387.989	19819.88	13691.293	18936.475	23568.162	11.79048	14.785767	13.233087	12.88591	14.11007	13.579912	14.091647	13.405398	12.27821	13.2321825	13.936223	12.967811	14.066562	13.132316	13.642809	13.5987425	12.482297	14.99211	14.097165	15.031782	13.805284	12.906817	-16.60964	13.07501	13.708652	14.27466	13.740971	14.20888	14.524551	Sinapyl alcohol_7.993	7.9928	537-33-7	Target	NA	0
211.0965	212.0997	Sinapyl alcohol_8.886	8.886	1e-5	5950.4614	3706.5222	21100.574	13255.31	7710.0747	25607.797	8107.1035	1e-5	5511.2744	1e-5	12054.138	1e-5	14443	10003.435	1e-5	8803.658	23667.793	25225.09	8699.611	9148.162	18030.771	6982.716	10395.364	10229.789	20561.947	13579.828	20503.371	36060.176	-16.60964	12.538786	11.855851	14.364994	13.694283	12.912529	14.644295	12.984971	-16.60964	12.428171	-16.60964	13.557241	-16.60964	13.818082	13.288208	-16.60964	13.103888	14.530638	14.622572	13.086735	13.159266	14.138174	12.769573	13.343653	13.320488	14.327689	13.729178	14.323574	15.13812	Sinapyl alcohol_8.886	8.903434	537-33-7	Target	NA	0
265.1543	266.1576	Subaphyllin_6.307	6.307	122956.77	284990.03	56047.266	115647.59	68733.83	187527.16	83594.516	4724.78	736.1147	4287.564	1353.1979	1e-5	98102.09	64712.84	79916.05	5172.0845	1196.4912	3785.754	93588.59	114496.78	57760.19	1e-5	440.44846	147639.58	594.80853	1e-5	144634.34	32474.486	1e-5	16.907791	18.120552	15.774356	16.819376	16.068733	17.516739	16.351122	12.206031	9.523787	12.065942	10.402158	-16.60964	16.581997	15.981765	16.286198	12.33653	10.224594	11.886365	16.514046	16.804947	15.817788	-16.60964	8.782829	17.17172	9.216281	-16.60964	17.14205	14.98702	-16.60964	Subaphyllin_6.307	NA	501-13-3	Target	NA	0
101.0233	NA	Succinic anhydride_1.794	1.794	56628.45	1e-5	20025.912	171147.92	144850.38	194687.5	92650.39	48718.137	166514.36	68513.625	44182.758	63384.9	90169.45	1e-5	386553.1	71663.76	246181.16	51417.215	1e-5	205389.39	246239.1	41073.246	50919.77	19704.965	143008.8	76528.98	34832.184	1e-5	89225.5	15.789239	-16.60964	14.28958	17.384884	17.144203	17.5708	16.49951	15.572172	17.345287	16.064102	15.431195	15.951852	16.46035	-16.60964	18.560307	16.128956	17.90936	15.649964	-16.60964	17.648003	17.9097	15.3259115	15.635939	14.266272	17.125744	16.223719	15.088133	-16.60964	16.445168	Succinic anhydride_1.794	1.7922167	108-30-5	Target	NA	0
429.2096	430.2127	Taraxacolide 1-O-b-D-glucopyranoside_7.616	7.616	240101.84	27021.969	28784.875	29429.361	263901.47	30330.564	30791.9	126566.766	56809.203	191553.64	246050.42	382598.6	19755.477	84301.25	14500.063	247010.12	42357.754	154519.22	50790.367	16352.256	22168.988	266666.12	30579.787	42185.906	250193.77	47089.72	29485.445	107910.7	200748.14	17.873287	14.721846	14.813024	14.844969	18.00964	14.888484	14.910263	16.94954	15.793837	17.547388	17.908594	18.545473	14.269964	16.363266	13.823771	17.914211	15.370338	17.237427	15.632267	13.997202	14.436255	18.024675	14.9002905	15.364473	17.932686	15.523124	14.847714	16.719479	17.615026	Taraxacolide 1-O-b-D-glucopyranoside_7.616	7.612	75911-12-5	Target	NA	0
429.2111	430.2146	Taraxacolide 1-O-b-D-glucopyranoside_8.144	8.144	1e-5	9104.899	9285.166	9479.899	1e-5	2138.6423	6765.1963	13471.718	14627.041	5849.415	5764.9927	7595.9453	12326.352	3883.1143	13950.01	8342.658	8107.524	20552.514	6589.0317	7143.1836	7847.154	11807.72	22916.453	3873.8452	4483.148	11103.9	2010.2087	1740.4458	22766.717	-16.60964	13.152427	13.180712	13.210656	-16.60964	11.062479	12.723916	13.717646	13.836351	12.514077	12.493103	12.891013	13.589458	11.922998	13.767979	13.026292	12.985045	14.327027	12.68585	12.802351	12.937954	13.527443	14.484097	11.919551	12.130297	13.438779	10.973129	10.765241	14.474639	Taraxacolide 1-O-b-D-glucopyranoside_8.144	8.174933	75911-12-5	Target	NA	0
425.1786	426.1816	Taraxinic acid 1'-O-beta-D-glucopyranoside_6.684	6.684	1e-5	1e-5	6226.627	3865.2488	23253.973	7904.053	1e-5	1e-5	1e-5	1e-5	15557.475	18749.023	2285.3848	1e-5	6380.872	7848.508	1e-5	12648.301	1e-5	7401.4175	3054.247	36126.285	2610.9585	6681.0884	16050.776	2572.2861	1e-5	15186.167	22201.635	-16.60964	-16.60964	12.604236	11.916345	14.50519	12.948377	-16.60964	-16.60964	-16.60964	-16.60964	13.92532	14.194528	11.158221	-16.60964	12.639538	12.938203	-16.60964	13.626656	-16.60964	12.853585	11.576601	15.140761	11.350364	12.705868	13.970356	11.3288355	-16.60964	13.8904705	14.438378	Taraxinic acid 1'-O-beta-D-glucopyranoside_6.684	6.6599665		Target	NA	0
381.0613	382.0644	Tetracenomycin D3_4.668	4.668	880927	538194.56	494145.28	542557.56	474612.53	737812.4	500579	478051.28	625954.25	592384.3	681963	681714.06	492472.88	743945.8	782446.94	789911	842673.9	416208.75	1020751.3	508478.8	619592.94	880331.56	510003.03	529487.1	693918	895413.1	809325.9	713350.94	599926.25	19.748663	19.037767	18.914576	19.049416	18.856392	19.492895	18.933239	18.866806	19.255697	19.176174	19.379333	19.378807	18.909685	19.504839	19.577635	19.591331	19.684616	18.666946	19.961199	18.955828	19.240961	19.747688	18.960146	19.014235	19.404406	19.772194	19.626362	19.444252	19.194426	Tetracenomycin D3_4.668	4.66485		Target	NA	0
120.0655	NA	Threonine_1.025	1.025	155209.78	174718.86	124468.445	301709.72	85089.055	164776.5	206114.4	95179.65	260437.6	70963.15	62481.516	83268.85	127400.56	189909.75	118291.4	125606.89	195732.67	232226.8	208207.78	170492.23	34407.33	153743.2	166424.31	77623.914	54840.86	212857.64	65942.15	76588.734	165707.64	17.24386	17.414675	16.92542	18.202803	16.376686	17.33015	17.653086	16.538364	17.990578	16.114782	15.931142	16.34549	16.959013	17.534954	16.851986	16.938557	17.578526	17.825174	17.667665	17.379347	15.070428	17.230164	17.344507	16.244213	15.742963	17.69953	16.008913	16.224844	17.338282	Threonine_1.025	1.0140333	80-68-2	Target	NA	0
239.1005	455.2117	Threoninyl-Proline_3.631	3.631	76959.445	411932.94	77777.01	65381.12	16655.945	55256.973	1e-5	32407.682	46668.902	1e-5	1e-5	1e-5	51218.727	94480.45	135368.72	1e-5	100428.01	38406.35	101804.2	162247.36	76774.99	1e-5	26403.271	42279.13	71247.625	370537.56	20449.898	7858.8613	41115.9	16.231812	18.65205	16.247057	15.996587	14.02375	15.753869	-16.60964	14.984048	15.510174	-16.60964	-16.60964	-16.60964	15.644383	16.527727	17.046535	-16.60964	16.615803	15.229056	16.635437	17.307837	16.22835	-16.60964	14.688429	15.367659	16.120554	18.49926	14.319806	12.940104	15.327409	Threoninyl-Proline_3.631	NA		Target	NA	0
175.024	NA	trans-Aconitic acid_1.49	1.49	1e-5	1e-5	1e-5	111066.51	1e-5	1e-5	1e-5	1e-5	175057.58	1e-5	1e-5	1e-5	5685.353	117626.17	1e-5	1e-5	61922.074	134297.5	1e-5	1e-5	1e-5	1e-5	71503.94	1e-5	1e-5	73432.42	1733.0183	1e-5	1e-5	-16.60964	-16.60964	-16.60964	16.761065	-16.60964	-16.60964	-16.60964	-16.60964	17.41747	-16.60964	-16.60964	-16.60964	12.473035	16.84385	-16.60964	-16.60964	15.918166	17.035072	-16.60964	-16.60964	-16.60964	-16.60964	16.125734	-16.60964	-16.60964	16.16413	10.759071	-16.60964	-16.60964	trans-Aconitic acid_1.49	1.54385	4023-65-8	Target	NA	0
318.1812	319.1844	Tryptophyl-Leucine_7.759	7.759	13797.909	30013.299	30760.3	26817.178	14800.214	25459.69	5644.73	19306.719	5349.729	1457.0148	1e-5	7324.3584	5166.9854	3343.1172	12627.9375	1e-5	20551.766	3554.7915	21481.256	13757.06	14253.823	12814.492	28240.568	25257.117	1e-5	36843.08	23080.76	17793.87	7992.975	13.752162	14.873314	14.908782	14.710871	13.853331	14.635927	12.462688	14.236816	12.385249	10.5088	-16.60964	12.838487	12.335108	11.706979	13.6243305	-16.60964	14.326975	11.795549	14.390791	13.747885	13.799061	13.645489	14.785481	14.624403	-16.60964	15.1691065	14.494403	14.119093	12.964518	Tryptophyl-Leucine_7.759	7.74445		Target	NA	0
283.1291	284.1322	Tyrosyl-Threonine_5.809	5.809	41825.22	88791.39	61276.723	39467.59	28879.777	86304.55	41886.633	1e-5	5348.722	1e-5	1e-5	3159.2085	1e-5	26119.82	60698.137	1e-5	1e-5	1e-5	1e-5	56050.21	82521.78	1e-5	1e-5	91408.39	1e-5	18089.324	48638.76	26641.873	4005.5894	15.352085	16.438131	15.903051	15.26838	14.817772	16.39715	15.354202	-16.60964	12.384978	-16.60964	-16.60964	11.625347	-16.60964	14.672856	15.889364	-16.60964	-16.60964	-16.60964	-16.60964	15.774431	16.332487	-16.60964	-16.60964	16.48004	-16.60964	14.142852	15.569819	14.701408	11.967799	Tyrosyl-Threonine_5.809	NA		Target	NA	0
355.1732	356.1767	Valganciclovir_8.169	8.169	16451.324	7235.483	32782.79	7598.1157	50207.086	10634.972	1e-5	26931.646	57143.44	15416.308	43614.723	13965.296	1e-5	12501.916	11178.149	16301.306	33929.895	13266.2	1e-5	7576.6724	7348.0664	23878.021	16530.844	8457.813	15585.976	10896.112	3453.3696	12386.176	20365.9	14.005917	12.820873	15.000651	12.891426	15.615603	13.376529	-16.60964	14.717015	15.8022995	13.912169	15.412528	13.769558	-16.60964	13.609862	13.448394	13.9927	15.050269	13.695467	-16.60964	12.887349	12.843148	14.543395	14.012873	13.046068	13.927961	13.411527	11.75379	13.596443	14.3138685	Valganciclovir_8.169	8.20805	175865-60-8	Target	NA	0
231.1341	232.1373	Valyl-Hydroxyproline_1.651	1.651	294056.3	3583.94	7032.5864	18484.375	222386.55	8843.127	31741.18	138463.55	43979.17	229497.39	467901	408957.3	12669.726	57632.492	1e-5	225057.23	45619.543	171415.52	32784.24	17536.037	4828.9478	776665.75	7031.197	1e-5	370345.16	36758.746	11952.121	133914.31	445896.7	18.165733	11.807331	12.7798395	14.174019	17.762709	13.110341	14.954067	17.079147	15.424532	17.808119	18.835844	18.64159	13.629098	15.814594	-16.60964	17.779932	15.477364	17.387138	15.000714	14.098036	12.237493	19.566935	12.779554	-16.60964	18.49851	15.1658	13.544979	17.03095	18.76635	Valyl-Hydroxyproline_1.651	NA		Target	NA	0
281.1497	282.1532	Valyl-Tyrosine_6.482	6.482	14520.984	8145.5244	1707.6627	1070.6887	4386.807	7726.437	8967.472	11643.215	12377.52	5424.578	14745.313	21936.146	6239.6514	1e-5	11290.969	17451.463	2638.978	16105.217	1e-5	13808.994	6825.765	25278.582	1825.3893	6051.2065	4207.205	4256.11	6634.9277	11259.1045	26279.84	13.825851	12.991793	10.737807	10.064323	12.098956	12.915587	13.130486	13.507202	13.595435	12.405295	13.847969	14.421021	12.60725	-16.60964	13.462882	14.09106	11.365764	13.97524	-16.60964	13.753321	12.736775	14.6256275	10.833988	12.563006	12.038647	12.055319	12.695866	13.458805	14.681669	Valyl-Tyrosine_6.482	NA		Target	NA	0
213.0975	214.1012	Volemitol_6.34	6.34	1e-5	1e-5	35242.43	1e-5	1e-5	1e-5	39274.71	1e-5	52620.688	1e-5	1e-5	1e-5	20195.775	1e-5	30189.436	26009.926	48893.547	17091.338	1e-5	35362.758	1e-5	1e-5	22075.494	1e-5	1e-5	1e-5	1e-5	1e-5	1e-5	-16.60964	-16.60964	15.105025	-16.60964	-16.60964	-16.60964	15.2613125	-16.60964	15.683343	-16.60964	-16.60964	-16.60964	14.301766	-16.60964	14.881757	14.666774	15.577356	14.060978	-16.60964	15.109943	-16.60964	-16.60964	14.430158	-16.60964	-16.60964	-16.60964	-16.60964	-16.60964	-16.60964	Volemitol_6.34	NA		Target	NA	0
206.0447	207.0483	Xanthurenic acid_7.166	7.166	256461.94	2417664.8	612863.4	482975.62	155058.25	713008.06	577126	404738.72	425002.03	224380.92	317638.4	209984.89	574292.44	1159791.6	835259.1	272001.47	464563.1	278098.7	1002264	1071944.1	1551786.2	243198.48	493949.34	721184.1	167059.69	2409804.8	907603	335765.78	272687.16	17.968386	21.205183	19.225206	18.881592	17.24245	19.44356	19.138527	18.626633000000002	18.697111	17.77559	18.277025	17.679926	19.131426	20.145433	19.671864	18.053255	18.825516	18.085238	19.934832	20.0318	20.565498	17.891775	18.914003	19.460007	17.350004	21.200485	19.791702	18.357096	18.056889	Xanthurenic acid_7.166	7.189783	59-00-7	Target	NA	0
